-- phpMyAdmin SQL Dump
-- version 5.2.1
-- https://www.phpmyadmin.net/
--
-- Host: 127.0.0.1
-- Generation Time: Oct 17, 2025 at 01:26 PM
-- Server version: 10.4.32-MariaDB
-- PHP Version: 8.2.12

SET SQL_MODE = "NO_AUTO_VALUE_ON_ZERO";
START TRANSACTION;
SET time_zone = "+00:00";


/*!40101 SET @OLD_CHARACTER_SET_CLIENT=@@CHARACTER_SET_CLIENT */;
/*!40101 SET @OLD_CHARACTER_SET_RESULTS=@@CHARACTER_SET_RESULTS */;
/*!40101 SET @OLD_COLLATION_CONNECTION=@@COLLATION_CONNECTION */;
/*!40101 SET NAMES utf8mb4 */;

--
-- Database: `traffic_monitoring`
--

-- --------------------------------------------------------

--
-- Table structure for table `daily_summaries`
--

CREATE TABLE `daily_summaries` (
  `id` int(11) NOT NULL,
  `sensor_id` int(11) DEFAULT NULL,
  `date` date NOT NULL,
  `total_count` int(11) NOT NULL,
  `peak_hour` time DEFAULT NULL,
  `peak_count` int(11) DEFAULT NULL
) ENGINE=InnoDB DEFAULT CHARSET=utf8mb4 COLLATE=utf8mb4_general_ci;

-- --------------------------------------------------------

--
-- Table structure for table `sensors`
--

CREATE TABLE `sensors` (
  `id` int(11) NOT NULL,
  `name` varchar(100) NOT NULL,
  `direction` varchar(50) NOT NULL,
  `location` varchar(255) DEFAULT NULL,
  `status` enum('active','inactive') DEFAULT 'active',
  `created_at` timestamp NOT NULL DEFAULT current_timestamp()
) ENGINE=InnoDB DEFAULT CHARSET=utf8mb4 COLLATE=utf8mb4_general_ci;

--
-- Dumping data for table `sensors`
--

INSERT INTO `sensors` (`id`, `name`, `direction`, `location`, `status`, `created_at`) VALUES
(1, 'Northbound Sensor', 'direction_1', 'Main Road North Side', 'active', '2025-10-12 16:55:09'),
(2, 'Southbound Sensor', 'direction_2', 'Main Road South Side', 'active', '2025-10-12 16:55:09');

-- --------------------------------------------------------

--
-- Table structure for table `system_settings`
--

CREATE TABLE `system_settings` (
  `id` int(11) NOT NULL,
  `setting_key` varchar(100) NOT NULL,
  `setting_value` text DEFAULT NULL,
  `updated_at` timestamp NOT NULL DEFAULT current_timestamp() ON UPDATE current_timestamp()
) ENGINE=InnoDB DEFAULT CHARSET=utf8mb4 COLLATE=utf8mb4_general_ci;

--
-- Dumping data for table `system_settings`
--

INSERT INTO `system_settings` (`id`, `setting_key`, `setting_value`, `updated_at`) VALUES
(1, 'data_interval', '10', '2025-10-12 16:55:09'),
(2, 'alert_threshold', '100', '2025-10-12 16:55:09'),
(3, 'sensor_1_name', 'Northbound', '2025-10-12 16:55:09'),
(4, 'sensor_2_name', 'Southbound', '2025-10-12 16:55:09');

-- --------------------------------------------------------

--
-- Table structure for table `traffic_data`
--

CREATE TABLE `traffic_data` (
  `id` int(11) NOT NULL,
  `sensor_id` int(11) NOT NULL,
  `vehicle_count` int(11) DEFAULT 1,
  `vehicle_type_id` int(11) NOT NULL,
  `vehicle_height` double NOT NULL,
  `vehicle_type` varchar(50) NOT NULL,
  `timestamp` datetime DEFAULT current_timestamp(),
  `distance` int(11) DEFAULT NULL
) ENGINE=InnoDB DEFAULT CHARSET=utf8mb4 COLLATE=utf8mb4_general_ci;

--
-- Dumping data for table `traffic_data`
--

INSERT INTO `traffic_data` (`id`, `sensor_id`, `vehicle_count`, `vehicle_type_id`, `vehicle_height`, `vehicle_type`, `timestamp`, `distance`) VALUES
(1, 2, 1, 5, 0.9, 'Truck', '2025-10-15 03:26:05', 2),
(2, 2, 1, 5, 0.9, 'Truck', '2025-10-15 03:26:07', 2),
(3, 2, 1, 5, 0.9, 'Truck', '2025-10-15 03:26:09', 2),
(4, 2, 1, 5, 0.9, 'Truck', '2025-10-15 03:26:11', 2),
(5, 1, 1, 5, 0.9, 'Truck', '2025-10-15 03:26:13', 3),
(6, 1, 1, 5, 0.9, 'Truck', '2025-10-15 03:26:14', 3),
(7, 1, 1, 5, 0.9, 'Truck', '2025-10-15 03:26:16', 3),
(8, 1, 1, 5, 0.9, 'Truck', '2025-10-15 03:26:20', 3),
(9, 1, 1, 5, 0.9, 'Truck', '2025-10-15 03:26:21', 3),
(10, 1, 1, 5, 0.9, 'Truck', '2025-10-15 03:26:23', 3),
(11, 1, 1, 5, 0.85, 'Truck', '2025-10-15 03:26:25', 4),
(12, 2, 1, 4, 0.8, 'Bus', '2025-10-15 03:26:27', 4),
(13, 1, 1, 5, 0.9, 'Truck', '2025-10-15 03:26:29', 3),
(14, 2, 1, 4, 0.8, 'Bus', '2025-10-15 03:26:30', 4),
(15, 1, 1, 5, 0.9, 'Truck', '2025-10-15 03:26:32', 3),
(16, 2, 1, 2, 0.7, 'Car', '2025-10-15 03:26:34', 6),
(17, 1, 1, 5, 0.9, 'Truck', '2025-10-15 03:26:36', 3),
(18, 1, 1, 5, 0.9, 'Truck', '2025-10-15 03:26:37', 3),
(19, 1, 1, 5, 0.9, 'Truck', '2025-10-15 03:26:39', 3),
(20, 1, 1, 5, 0.9, 'Truck', '2025-10-15 03:26:41', 3),
(21, 2, 1, 2, 0.7, 'Car', '2025-10-15 03:26:43', 6),
(22, 1, 1, 5, 0.9, 'Truck', '2025-10-15 03:26:45', 3),
(23, 2, 1, 2, 0.7, 'Car', '2025-10-15 03:26:46', 6),
(24, 1, 1, 5, 0.9, 'Truck', '2025-10-15 03:26:48', 3),
(26, 1, 1, 5, 0.9, 'Truck', '2025-10-15 03:26:52', 3),
(27, 2, 1, 2, 0.7, 'Car', '2025-10-15 03:26:53', 6),
(28, 1, 1, 5, 0.9, 'Truck', '2025-10-15 03:26:55', 3),
(29, 2, 1, 2, 0.7, 'Car', '2025-10-15 03:26:57', 6),
(30, 1, 1, 5, 0.9, 'Truck', '2025-10-15 03:26:59', 3),
(31, 2, 1, 2, 0.7, 'Car', '2025-10-15 03:27:00', 6),
(32, 1, 1, 5, 0.9, 'Truck', '2025-10-15 03:27:02', 3),
(33, 2, 1, 2, 0.7, 'Car', '2025-10-15 03:27:04', 6),
(34, 1, 1, 5, 0.9, 'Truck', '2025-10-15 03:27:06', 3),
(35, 2, 1, 2, 0.7, 'Car', '2025-10-15 03:27:07', 6),
(36, 1, 1, 5, 0.9, 'Truck', '2025-10-15 03:27:09', 3),
(37, 2, 1, 2, 0.7, 'Car', '2025-10-15 03:27:11', 6),
(38, 1, 1, 5, 0.9, 'Truck', '2025-10-15 03:27:12', 3),
(39, 2, 1, 2, 0.7, 'Car', '2025-10-15 03:27:14', 6),
(40, 1, 1, 5, 0.9, 'Truck', '2025-10-15 03:27:16', 3),
(41, 2, 1, 2, 0.7, 'Car', '2025-10-15 03:27:18', 6),
(42, 1, 1, 5, 0.9, 'Truck', '2025-10-15 03:27:19', 3),
(43, 2, 1, 2, 0.7, 'Car', '2025-10-15 03:27:21', 6),
(44, 1, 1, 5, 0.9, 'Truck', '2025-10-15 03:27:23', 3),
(45, 1, 1, 5, 0.9, 'Truck', '2025-10-15 03:27:25', 3),
(46, 1, 1, 5, 0.9, 'Truck', '2025-10-15 03:27:27', 3),
(47, 2, 1, 2, 0.7, 'Car', '2025-10-15 03:27:28', 6),
(48, 1, 1, 5, 0.9, 'Truck', '2025-10-15 03:27:30', 3),
(49, 2, 1, 2, 0.7, 'Car', '2025-10-15 03:27:32', 6),
(50, 1, 1, 5, 0.9, 'Truck', '2025-10-15 03:27:33', 3),
(51, 2, 1, 2, 0.7, 'Car', '2025-10-15 03:27:35', 6),
(52, 1, 1, 5, 0.9, 'Truck', '2025-10-15 03:27:37', 3),
(53, 2, 1, 2, 0.7, 'Car', '2025-10-15 03:27:39', 6),
(54, 1, 1, 5, 0.9, 'Truck', '2025-10-15 03:27:40', 3),
(55, 1, 1, 5, 0.9, 'Truck', '2025-10-15 03:27:42', 3),
(56, 2, 1, 2, 0.7, 'Car', '2025-10-15 03:27:44', 6),
(57, 1, 1, 5, 0.9, 'Truck', '2025-10-15 03:27:46', 3),
(58, 2, 1, 2, 0.7, 'Car', '2025-10-15 03:27:47', 6),
(59, 1, 1, 5, 0.9, 'Truck', '2025-10-15 03:27:49', 3),
(60, 2, 1, 2, 0.7, 'Car', '2025-10-15 03:27:51', 6),
(61, 1, 1, 5, 0.9, 'Truck', '2025-10-15 03:27:53', 3),
(62, 1, 1, 5, 0.9, 'Truck', '2025-10-15 03:27:54', 3),
(63, 1, 1, 5, 0.9, 'Truck', '2025-10-15 03:27:56', 3),
(64, 1, 1, 5, 0.9, 'Truck', '2025-10-15 03:27:58', 3),
(65, 2, 1, 2, 0.7, 'Car', '2025-10-15 03:28:00', 6),
(66, 1, 1, 5, 0.9, 'Truck', '2025-10-15 03:28:02', 3),
(67, 2, 1, 2, 0.7, 'Car', '2025-10-15 03:28:03', 6),
(68, 1, 1, 5, 0.9, 'Truck', '2025-10-15 03:28:05', 3),
(69, 2, 1, 2, 0.7, 'Car', '2025-10-15 03:28:07', 6),
(70, 1, 1, 5, 0.9, 'Truck', '2025-10-15 03:28:09', 3),
(71, 1, 1, 5, 0.9, 'Truck', '2025-10-15 03:28:11', 3),
(72, 2, 1, 2, 0.7, 'Car', '2025-10-15 03:28:12', 6),
(73, 1, 1, 5, 0.9, 'Truck', '2025-10-15 03:28:14', 3),
(74, 2, 1, 2, 0.7, 'Car', '2025-10-15 03:28:16', 6),
(75, 1, 1, 5, 0.9, 'Truck', '2025-10-15 03:28:17', 3),
(76, 2, 1, 2, 0.7, 'Car', '2025-10-15 03:28:19', 6),
(77, 1, 1, 5, 0.9, 'Truck', '2025-10-15 03:28:21', 3),
(78, 1, 1, 5, 0.9, 'Truck', '2025-10-15 03:28:23', 3),
(79, 2, 1, 2, 0.7, 'Car', '2025-10-15 03:28:24', 6),
(80, 1, 1, 5, 0.9, 'Truck', '2025-10-15 03:28:26', 3),
(81, 2, 1, 2, 0.7, 'Car', '2025-10-15 03:28:28', 6),
(82, 1, 1, 5, 0.9, 'Truck', '2025-10-15 03:28:30', 3),
(83, 2, 1, 2, 0.7, 'Car', '2025-10-15 03:28:31', 6),
(84, 1, 1, 5, 0.9, 'Truck', '2025-10-15 03:28:33', 3),
(85, 2, 1, 2, 0.7, 'Car', '2025-10-15 03:28:35', 6),
(86, 1, 1, 5, 0.9, 'Truck', '2025-10-15 03:28:37', 3),
(87, 1, 1, 5, 0.9, 'Truck', '2025-10-15 03:28:38', 3),
(88, 2, 1, 2, 0.7, 'Car', '2025-10-15 03:28:40', 6),
(89, 1, 1, 5, 0.9, 'Truck', '2025-10-15 03:28:42', 3),
(90, 2, 1, 2, 0.7, 'Car', '2025-10-15 03:28:44', 6),
(91, 1, 1, 5, 0.9, 'Truck', '2025-10-15 03:28:45', 3),
(92, 2, 1, 2, 0.7, 'Car', '2025-10-15 03:28:47', 6),
(93, 1, 1, 5, 0.9, 'Truck', '2025-10-15 03:28:49', 3),
(94, 1, 1, 5, 0.9, 'Truck', '2025-10-15 03:28:51', 3),
(95, 1, 1, 5, 0.9, 'Truck', '2025-10-15 03:28:53', 3),
(96, 2, 1, 2, 0.7, 'Car', '2025-10-15 03:28:54', 6),
(97, 1, 1, 5, 0.9, 'Truck', '2025-10-15 03:28:56', 3),
(98, 2, 1, 2, 0.7, 'Car', '2025-10-15 03:28:58', 6),
(99, 1, 1, 5, 0.9, 'Truck', '2025-10-15 03:29:00', 3),
(100, 2, 1, 2, 0.7, 'Car', '2025-10-15 03:29:01', 6),
(101, 1, 1, 5, 0.9, 'Truck', '2025-10-15 03:29:03', 3),
(102, 2, 1, 2, 0.7, 'Car', '2025-10-15 03:29:05', 6),
(103, 1, 1, 5, 0.9, 'Truck', '2025-10-15 03:29:06', 3),
(104, 2, 1, 2, 0.7, 'Car', '2025-10-15 03:29:08', 6),
(105, 1, 1, 5, 0.9, 'Truck', '2025-10-15 03:29:10', 3),
(106, 2, 1, 2, 0.7, 'Car', '2025-10-15 03:29:12', 6),
(107, 1, 1, 5, 0.9, 'Truck', '2025-10-15 03:29:13', 3),
(108, 1, 1, 5, 0.9, 'Truck', '2025-10-15 03:29:15', 3),
(109, 2, 1, 2, 0.7, 'Car', '2025-10-15 03:29:17', 6),
(110, 1, 1, 5, 0.9, 'Truck', '2025-10-15 03:29:19', 3),
(111, 2, 1, 2, 0.7, 'Car', '2025-10-15 03:29:20', 6),
(112, 1, 1, 5, 0.9, 'Truck', '2025-10-15 03:29:22', 3),
(113, 2, 1, 2, 0.7, 'Car', '2025-10-15 03:29:24', 6),
(114, 1, 1, 5, 0.9, 'Truck', '2025-10-15 03:29:26', 3),
(115, 2, 1, 2, 0.7, 'Car', '2025-10-15 03:29:27', 6),
(116, 1, 1, 5, 0.9, 'Truck', '2025-10-15 03:29:29', 3),
(117, 2, 1, 2, 0.7, 'Car', '2025-10-15 03:29:31', 6),
(118, 1, 1, 5, 0.9, 'Truck', '2025-10-15 03:29:33', 3),
(119, 2, 1, 2, 0.7, 'Car', '2025-10-15 03:29:34', 6),
(120, 1, 1, 5, 0.9, 'Truck', '2025-10-15 03:29:36', 3),
(121, 1, 1, 5, 0.9, 'Truck', '2025-10-15 03:29:38', 3),
(122, 1, 1, 5, 0.9, 'Truck', '2025-10-15 03:29:40', 3),
(123, 2, 1, 2, 0.7, 'Car', '2025-10-15 03:29:42', 6),
(124, 1, 1, 5, 0.9, 'Truck', '2025-10-15 03:29:43', 3),
(125, 2, 1, 2, 0.7, 'Car', '2025-10-15 03:29:45', 6),
(126, 1, 1, 5, 0.9, 'Truck', '2025-10-15 03:29:47', 3),
(127, 2, 1, 2, 0.7, 'Car', '2025-10-15 03:29:48', 6),
(128, 1, 1, 5, 0.9, 'Truck', '2025-10-15 03:29:50', 3),
(129, 1, 1, 5, 0.9, 'Truck', '2025-10-15 03:29:52', 3),
(130, 2, 1, 2, 0.7, 'Car', '2025-10-15 03:29:54', 6),
(131, 1, 1, 5, 0.9, 'Truck', '2025-10-15 03:29:56', 3),
(132, 2, 1, 2, 0.7, 'Car', '2025-10-15 03:29:57', 6),
(133, 1, 1, 5, 0.9, 'Truck', '2025-10-15 03:29:59', 3),
(134, 2, 1, 2, 0.7, 'Car', '2025-10-15 03:30:01', 6),
(135, 1, 1, 5, 0.9, 'Truck', '2025-10-15 03:30:03', 3),
(136, 1, 1, 5, 0.9, 'Truck', '2025-10-15 03:30:04', 3),
(137, 1, 1, 5, 0.9, 'Truck', '2025-10-15 03:30:06', 3),
(138, 2, 1, 2, 0.7, 'Car', '2025-10-15 03:30:08', 6),
(139, 1, 1, 5, 0.9, 'Truck', '2025-10-15 03:30:10', 3),
(140, 2, 1, 2, 0.7, 'Car', '2025-10-15 03:30:11', 6),
(141, 1, 1, 5, 0.9, 'Truck', '2025-10-15 03:30:13', 3),
(142, 2, 1, 2, 0.7, 'Car', '2025-10-15 03:30:15', 6),
(143, 1, 1, 5, 0.9, 'Truck', '2025-10-15 03:30:17', 3),
(144, 1, 1, 5, 0.9, 'Truck', '2025-10-15 03:30:19', 3),
(145, 1, 1, 5, 0.9, 'Truck', '2025-10-15 03:30:20', 3),
(146, 2, 1, 2, 0.7, 'Car', '2025-10-15 03:30:22', 6),
(147, 1, 1, 5, 0.9, 'Truck', '2025-10-15 03:30:24', 3),
(148, 2, 1, 2, 0.7, 'Car', '2025-10-15 03:30:26', 6),
(149, 1, 1, 5, 0.9, 'Truck', '2025-10-15 03:30:27', 3),
(150, 2, 1, 2, 0.7, 'Car', '2025-10-15 03:30:29', 6),
(151, 1, 1, 5, 0.9, 'Truck', '2025-10-15 03:30:31', 3),
(152, 1, 1, 5, 0.9, 'Truck', '2025-10-15 03:30:33', 3),
(153, 2, 1, 2, 0.7, 'Car', '2025-10-15 03:30:34', 6),
(154, 1, 1, 5, 0.9, 'Truck', '2025-10-15 03:30:36', 3),
(155, 2, 1, 2, 0.7, 'Car', '2025-10-15 03:30:38', 6),
(156, 1, 1, 5, 0.9, 'Truck', '2025-10-15 03:30:40', 3),
(157, 2, 1, 2, 0.7, 'Car', '2025-10-15 03:30:41', 6),
(158, 1, 1, 5, 0.9, 'Truck', '2025-10-15 03:30:43', 3),
(159, 2, 1, 2, 0.7, 'Car', '2025-10-15 03:30:45', 6),
(160, 1, 1, 5, 0.9, 'Truck', '2025-10-15 03:30:47', 3),
(161, 2, 1, 2, 0.7, 'Car', '2025-10-15 03:30:48', 6),
(162, 1, 1, 5, 0.9, 'Truck', '2025-10-15 03:30:50', 3),
(163, 2, 1, 2, 0.7, 'Car', '2025-10-15 03:30:52', 6),
(164, 1, 1, 5, 0.9, 'Truck', '2025-10-15 03:30:54', 3),
(165, 2, 1, 2, 0.7, 'Car', '2025-10-15 03:30:55', 6),
(166, 1, 1, 5, 0.9, 'Truck', '2025-10-15 03:30:57', 3),
(167, 1, 1, 5, 0.9, 'Truck', '2025-10-15 03:30:59', 3),
(168, 2, 1, 2, 0.7, 'Car', '2025-10-15 03:31:01', 6),
(169, 1, 1, 5, 0.9, 'Truck', '2025-10-15 03:31:02', 3),
(170, 2, 1, 2, 0.7, 'Car', '2025-10-15 03:31:04', 6),
(171, 1, 1, 5, 0.9, 'Truck', '2025-10-15 03:31:06', 3),
(172, 2, 1, 2, 0.7, 'Car', '2025-10-15 03:31:07', 6),
(173, 1, 1, 5, 0.9, 'Truck', '2025-10-15 03:31:09', 3),
(174, 1, 1, 5, 0.9, 'Truck', '2025-10-15 03:31:11', 3),
(175, 1, 1, 5, 0.9, 'Truck', '2025-10-15 03:31:13', 3),
(176, 2, 1, 2, 0.7, 'Car', '2025-10-15 03:31:15', 6),
(177, 1, 1, 5, 0.9, 'Truck', '2025-10-15 03:31:17', 3),
(178, 2, 1, 2, 0.7, 'Car', '2025-10-15 03:31:18', 6),
(179, 1, 1, 5, 0.9, 'Truck', '2025-10-15 03:31:20', 3),
(180, 2, 1, 2, 0.7, 'Car', '2025-10-15 03:31:22', 6),
(181, 1, 1, 5, 0.9, 'Truck', '2025-10-15 03:31:23', 3),
(182, 2, 1, 2, 0.7, 'Car', '2025-10-15 03:31:25', 6),
(183, 1, 1, 5, 0.9, 'Truck', '2025-10-15 03:31:27', 3),
(184, 2, 1, 2, 0.7, 'Car', '2025-10-15 03:31:29', 6),
(185, 1, 1, 5, 0.9, 'Truck', '2025-10-15 03:31:30', 3),
(186, 2, 1, 2, 0.7, 'Car', '2025-10-15 03:31:32', 6),
(187, 1, 1, 5, 0.9, 'Truck', '2025-10-15 03:31:34', 3),
(188, 1, 1, 5, 0.9, 'Truck', '2025-10-15 03:31:36', 3),
(189, 2, 1, 2, 0.7, 'Car', '2025-10-15 03:31:37', 6),
(190, 1, 1, 5, 0.9, 'Truck', '2025-10-15 03:31:39', 3),
(191, 2, 1, 2, 0.7, 'Car', '2025-10-15 03:31:41', 6),
(192, 1, 1, 5, 0.9, 'Truck', '2025-10-15 03:31:43', 3),
(193, 2, 1, 2, 0.7, 'Car', '2025-10-15 03:31:44', 6),
(194, 1, 1, 5, 0.9, 'Truck', '2025-10-15 03:31:46', 3),
(195, 2, 1, 2, 0.7, 'Car', '2025-10-15 03:31:48', 6),
(196, 1, 1, 5, 0.9, 'Truck', '2025-10-15 03:31:50', 3),
(197, 1, 1, 5, 0.9, 'Truck', '2025-10-15 03:31:51', 3),
(198, 1, 1, 5, 0.9, 'Truck', '2025-10-15 03:31:53', 3),
(199, 2, 1, 2, 0.7, 'Car', '2025-10-15 03:31:55', 6),
(200, 1, 1, 5, 0.9, 'Truck', '2025-10-15 03:31:57', 3),
(201, 2, 1, 2, 0.7, 'Car', '2025-10-15 03:31:58', 6),
(202, 1, 1, 5, 0.9, 'Truck', '2025-10-15 03:32:00', 3),
(203, 2, 1, 2, 0.7, 'Car', '2025-10-15 03:32:02', 6),
(204, 1, 1, 5, 0.9, 'Truck', '2025-10-15 03:32:04', 3),
(205, 2, 1, 2, 0.7, 'Car', '2025-10-15 03:32:05', 6),
(206, 1, 1, 5, 0.9, 'Truck', '2025-10-15 03:32:07', 3),
(207, 2, 1, 2, 0.7, 'Car', '2025-10-15 03:32:09', 6),
(208, 1, 1, 5, 0.9, 'Truck', '2025-10-15 03:32:11', 3),
(209, 2, 1, 2, 0.7, 'Car', '2025-10-15 03:32:12', 6),
(210, 1, 1, 5, 0.9, 'Truck', '2025-10-15 03:32:14', 3),
(211, 2, 1, 2, 0.7, 'Car', '2025-10-15 03:32:16', 6),
(212, 1, 1, 5, 0.9, 'Truck', '2025-10-15 03:32:17', 3),
(213, 1, 1, 5, 0.9, 'Truck', '2025-10-15 03:32:19', 3),
(214, 1, 1, 5, 0.9, 'Truck', '2025-10-15 03:32:21', 3),
(215, 1, 1, 5, 0.9, 'Truck', '2025-10-15 03:32:23', 3),
(216, 2, 1, 2, 0.7, 'Car', '2025-10-15 03:32:25', 6),
(217, 1, 1, 5, 0.9, 'Truck', '2025-10-15 03:32:27', 3),
(218, 2, 1, 2, 0.7, 'Car', '2025-10-15 03:32:28', 6),
(219, 1, 1, 5, 0.9, 'Truck', '2025-10-15 03:32:30', 3),
(220, 2, 1, 2, 0.7, 'Car', '2025-10-15 03:32:32', 6),
(221, 1, 1, 5, 0.9, 'Truck', '2025-10-15 03:32:33', 3),
(222, 2, 1, 2, 0.7, 'Car', '2025-10-15 03:32:35', 6),
(223, 1, 1, 5, 0.9, 'Truck', '2025-10-15 03:32:37', 3),
(224, 2, 1, 2, 0.7, 'Car', '2025-10-15 03:32:39', 6),
(225, 1, 1, 5, 0.9, 'Truck', '2025-10-15 03:32:40', 3),
(226, 2, 1, 2, 0.7, 'Car', '2025-10-15 03:32:42', 6),
(227, 1, 1, 5, 0.9, 'Truck', '2025-10-15 03:32:44', 3),
(228, 1, 1, 5, 0.9, 'Truck', '2025-10-15 03:32:46', 3),
(229, 1, 1, 5, 0.9, 'Truck', '2025-10-15 03:32:48', 3),
(230, 2, 1, 2, 0.7, 'Car', '2025-10-15 03:32:49', 6),
(231, 1, 1, 5, 0.9, 'Truck', '2025-10-15 03:32:51', 3),
(232, 2, 1, 2, 0.7, 'Car', '2025-10-15 03:32:53', 6),
(233, 1, 1, 5, 0.9, 'Truck', '2025-10-15 03:32:55', 3),
(234, 2, 1, 2, 0.7, 'Car', '2025-10-15 03:32:56', 6),
(235, 1, 1, 5, 0.9, 'Truck', '2025-10-15 03:32:58', 3),
(236, 2, 1, 2, 0.7, 'Car', '2025-10-15 03:33:00', 6),
(237, 1, 1, 5, 0.9, 'Truck', '2025-10-15 03:33:02', 3),
(238, 2, 1, 2, 0.7, 'Car', '2025-10-15 03:33:03', 6),
(239, 1, 1, 5, 0.9, 'Truck', '2025-10-15 03:33:05', 3),
(240, 2, 1, 2, 0.7, 'Car', '2025-10-15 03:33:07', 6),
(241, 1, 1, 5, 0.9, 'Truck', '2025-10-15 03:33:08', 3),
(242, 2, 1, 2, 0.7, 'Car', '2025-10-15 03:33:10', 6),
(243, 1, 1, 5, 0.9, 'Truck', '2025-10-15 03:33:12', 3),
(244, 2, 1, 2, 0.7, 'Car', '2025-10-15 03:33:14', 6),
(245, 1, 1, 5, 0.9, 'Truck', '2025-10-15 03:33:15', 3),
(246, 2, 1, 2, 0.7, 'Car', '2025-10-15 03:33:17', 6),
(247, 1, 1, 5, 0.9, 'Truck', '2025-10-15 03:33:19', 3),
(248, 2, 1, 2, 0.7, 'Car', '2025-10-15 03:33:20', 6),
(249, 1, 1, 5, 0.9, 'Truck', '2025-10-15 03:33:22', 3),
(250, 2, 1, 2, 0.7, 'Car', '2025-10-15 03:33:24', 6),
(251, 1, 1, 5, 0.9, 'Truck', '2025-10-15 03:33:26', 3),
(252, 2, 1, 2, 0.7, 'Car', '2025-10-15 03:33:27', 6),
(253, 1, 1, 5, 0.9, 'Truck', '2025-10-15 03:33:29', 3),
(254, 2, 1, 2, 0.7, 'Car', '2025-10-15 03:33:31', 6),
(255, 1, 1, 5, 0.9, 'Truck', '2025-10-15 03:33:33', 3),
(256, 2, 1, 2, 0.7, 'Car', '2025-10-15 03:33:34', 6),
(257, 1, 1, 5, 0.9, 'Truck', '2025-10-15 03:33:36', 3),
(258, 1, 1, 5, 0.9, 'Truck', '2025-10-15 03:33:38', 3),
(259, 1, 1, 5, 0.9, 'Truck', '2025-10-15 03:33:40', 3),
(260, 2, 1, 2, 0.7, 'Car', '2025-10-15 03:33:41', 6),
(261, 1, 1, 5, 0.9, 'Truck', '2025-10-15 03:33:43', 3),
(262, 2, 1, 2, 0.7, 'Car', '2025-10-15 03:33:45', 6),
(263, 1, 1, 5, 0.9, 'Truck', '2025-10-15 03:33:47', 3),
(264, 2, 1, 2, 0.7, 'Car', '2025-10-15 03:33:48', 6),
(265, 1, 1, 5, 0.9, 'Truck', '2025-10-15 03:33:50', 3),
(266, 1, 1, 5, 0.9, 'Truck', '2025-10-15 03:33:52', 3),
(267, 1, 1, 5, 0.9, 'Truck', '2025-10-15 03:33:54', 3),
(268, 2, 1, 2, 0.7, 'Car', '2025-10-15 03:33:56', 6),
(269, 1, 1, 5, 0.9, 'Truck', '2025-10-15 03:33:57', 3),
(270, 2, 1, 2, 0.7, 'Car', '2025-10-15 03:34:01', 6),
(271, 1, 1, 5, 0.9, 'Truck', '2025-10-15 03:34:03', 3),
(272, 2, 1, 2, 0.7, 'Car', '2025-10-15 03:34:05', 6),
(273, 1, 1, 5, 0.9, 'Truck', '2025-10-15 03:34:06', 3),
(274, 2, 1, 2, 0.7, 'Car', '2025-10-15 03:34:08', 6),
(275, 1, 1, 5, 0.9, 'Truck', '2025-10-15 03:34:10', 3),
(276, 2, 1, 2, 0.7, 'Car', '2025-10-15 03:34:12', 6),
(277, 1, 1, 5, 0.9, 'Truck', '2025-10-15 03:34:13', 3),
(278, 2, 1, 2, 0.7, 'Car', '2025-10-15 03:34:15', 6),
(279, 1, 1, 5, 0.9, 'Truck', '2025-10-15 03:34:17', 3),
(280, 2, 1, 2, 0.7, 'Car', '2025-10-15 03:34:19', 6),
(281, 1, 1, 5, 0.9, 'Truck', '2025-10-15 03:34:20', 3),
(282, 2, 1, 2, 0.7, 'Car', '2025-10-15 03:34:22', 6),
(283, 1, 1, 5, 0.9, 'Truck', '2025-10-15 03:34:24', 3),
(284, 2, 1, 2, 0.7, 'Car', '2025-10-15 03:34:26', 6),
(285, 1, 1, 5, 0.9, 'Truck', '2025-10-15 03:34:27', 3),
(286, 2, 1, 2, 0.7, 'Car', '2025-10-15 03:34:29', 6),
(287, 1, 1, 5, 0.9, 'Truck', '2025-10-15 03:34:31', 3),
(288, 1, 1, 5, 0.9, 'Truck', '2025-10-15 03:34:33', 3),
(289, 2, 1, 2, 0.7, 'Car', '2025-10-15 03:34:34', 6),
(290, 1, 1, 5, 0.9, 'Truck', '2025-10-15 03:34:36', 3),
(291, 2, 1, 2, 0.7, 'Car', '2025-10-15 03:34:38', 6),
(292, 1, 1, 5, 0.9, 'Truck', '2025-10-15 03:34:40', 3),
(293, 2, 1, 2, 0.7, 'Car', '2025-10-15 03:34:41', 6),
(294, 1, 1, 5, 0.9, 'Truck', '2025-10-15 03:34:43', 3),
(295, 2, 1, 2, 0.7, 'Car', '2025-10-15 03:34:45', 6),
(296, 1, 1, 5, 0.9, 'Truck', '2025-10-15 03:34:46', 3),
(297, 1, 1, 5, 0.9, 'Truck', '2025-10-15 03:34:48', 3),
(298, 1, 1, 5, 0.9, 'Truck', '2025-10-15 03:34:50', 3),
(299, 1, 1, 5, 0.9, 'Truck', '2025-10-15 03:34:52', 3),
(300, 2, 1, 2, 0.7, 'Car', '2025-10-15 03:34:54', 6),
(301, 1, 1, 5, 0.9, 'Truck', '2025-10-15 03:34:56', 3),
(302, 2, 1, 2, 0.7, 'Car', '2025-10-15 03:34:57', 6),
(303, 1, 1, 5, 0.9, 'Truck', '2025-10-15 03:34:59', 3),
(304, 2, 1, 2, 0.7, 'Car', '2025-10-15 03:35:01', 6),
(305, 1, 1, 5, 0.9, 'Truck', '2025-10-15 03:35:02', 3),
(306, 1, 1, 5, 0.9, 'Truck', '2025-10-15 03:35:04', 3),
(307, 2, 1, 2, 0.7, 'Car', '2025-10-15 03:35:06', 6),
(308, 1, 1, 5, 0.9, 'Truck', '2025-10-15 03:35:08', 3),
(309, 2, 1, 2, 0.7, 'Car', '2025-10-15 03:35:09', 6),
(310, 1, 1, 5, 0.9, 'Truck', '2025-10-15 03:35:11', 3),
(311, 2, 1, 2, 0.7, 'Car', '2025-10-15 03:35:13', 6),
(312, 1, 1, 5, 0.9, 'Truck', '2025-10-15 03:35:15', 3),
(313, 2, 1, 2, 0.7, 'Car', '2025-10-15 03:35:16', 6),
(314, 1, 1, 5, 0.9, 'Truck', '2025-10-15 03:35:18', 3),
(315, 2, 1, 2, 0.7, 'Car', '2025-10-15 03:35:20', 6),
(316, 1, 1, 5, 0.9, 'Truck', '2025-10-15 03:35:22', 3),
(317, 2, 1, 2, 0.7, 'Car', '2025-10-15 03:35:23', 6),
(318, 1, 1, 5, 0.9, 'Truck', '2025-10-15 03:39:04', 4),
(319, 1, 1, 5, 0.95, 'Truck', '2025-10-15 03:39:06', 3),
(320, 1, 1, 5, 0.95, 'Truck', '2025-10-15 03:39:08', 3),
(321, 2, 1, 5, 0.85, 'Truck', '2025-10-15 03:39:10', 3),
(322, 1, 1, 5, 0.95, 'Truck', '2025-10-15 03:39:11', 3),
(323, 1, 1, 5, 0.95, 'Truck', '2025-10-15 03:39:13', 3),
(324, 1, 1, 5, 0.95, 'Truck', '2025-10-15 03:39:15', 3),
(325, 1, 1, 5, 0.95, 'Truck', '2025-10-15 03:39:17', 3),
(326, 1, 1, 5, 0.95, 'Truck', '2025-10-15 03:39:19', 3),
(327, 1, 1, 5, 0.95, 'Truck', '2025-10-15 03:39:21', 3),
(328, 1, 1, 5, 0.95, 'Truck', '2025-10-15 03:39:22', 3),
(329, 1, 1, 5, 0.95, 'Truck', '2025-10-15 03:39:24', 3),
(330, 1, 1, 5, 0.95, 'Truck', '2025-10-15 03:39:26', 3),
(331, 1, 1, 5, 0.95, 'Truck', '2025-10-15 03:39:28', 3),
(332, 1, 1, 5, 0.95, 'Truck', '2025-10-15 03:39:30', 3),
(333, 1, 1, 5, 0.95, 'Truck', '2025-10-15 03:39:32', 3),
(334, 1, 1, 5, 0.95, 'Truck', '2025-10-15 03:39:34', 3),
(335, 1, 1, 5, 0.95, 'Truck', '2025-10-15 03:39:35', 3),
(336, 1, 1, 5, 0.95, 'Truck', '2025-10-15 03:39:37', 3),
(337, 2, 1, 2, 0.7, 'Car', '2025-10-15 03:39:39', 6),
(338, 1, 1, 5, 0.95, 'Truck', '2025-10-15 03:39:41', 3),
(339, 2, 1, 2, 0.75, 'Car', '2025-10-15 03:39:42', 5),
(340, 1, 1, 5, 0.95, 'Truck', '2025-10-15 03:39:44', 3),
(341, 2, 1, 2, 0.75, 'Car', '2025-10-15 03:39:46', 5),
(342, 1, 1, 5, 0.95, 'Truck', '2025-10-15 03:39:48', 3),
(343, 2, 1, 2, 0.75, 'Car', '2025-10-15 03:39:49', 5),
(344, 1, 1, 5, 0.95, 'Truck', '2025-10-15 03:39:51', 3),
(345, 2, 1, 2, 0.75, 'Car', '2025-10-15 03:39:53', 5),
(346, 1, 1, 5, 0.95, 'Truck', '2025-10-15 03:39:55', 3),
(347, 1, 1, 5, 0.95, 'Truck', '2025-10-15 03:39:56', 3),
(348, 2, 1, 4, 0.8, 'Bus', '2025-10-15 03:39:58', 4),
(349, 1, 1, 5, 0.95, 'Truck', '2025-10-15 03:40:00', 3),
(350, 2, 1, 4, 0.8, 'Bus', '2025-10-15 03:40:02', 4),
(351, 1, 1, 5, 0.95, 'Truck', '2025-10-15 03:40:03', 3),
(352, 2, 1, 4, 0.8, 'Bus', '2025-10-15 03:40:05', 4),
(353, 1, 1, 5, 0.95, 'Truck', '2025-10-15 03:40:07', 3),
(354, 1, 1, 5, 0.95, 'Truck', '2025-10-15 03:40:09', 3),
(355, 1, 1, 5, 0.95, 'Truck', '2025-10-15 03:40:11', 3),
(356, 1, 1, 5, 0.95, 'Truck', '2025-10-15 03:40:12', 3),
(357, 1, 1, 5, 0.95, 'Truck', '2025-10-15 03:40:14', 3),
(358, 2, 1, 2, 0.7, 'Car', '2025-10-15 03:40:16', 6),
(359, 1, 1, 5, 0.95, 'Truck', '2025-10-15 03:40:18', 3),
(360, 1, 1, 5, 0.95, 'Truck', '2025-10-15 03:40:20', 3),
(361, 1, 1, 5, 0.95, 'Truck', '2025-10-15 03:40:21', 3),
(362, 1, 1, 5, 0.95, 'Truck', '2025-10-15 03:40:23', 3),
(363, 1, 1, 5, 0.95, 'Truck', '2025-10-15 03:40:25', 3),
(364, 1, 1, 5, 0.95, 'Truck', '2025-10-15 03:40:27', 3),
(365, 1, 1, 5, 0.95, 'Truck', '2025-10-15 03:40:29', 3),
(366, 1, 1, 5, 0.95, 'Truck', '2025-10-15 03:40:31', 3),
(367, 1, 1, 5, 0.95, 'Truck', '2025-10-15 03:40:33', 3),
(368, 1, 1, 5, 0.95, 'Truck', '2025-10-15 03:40:34', 3),
(369, 1, 1, 5, 0.95, 'Truck', '2025-10-15 03:40:36', 3),
(370, 1, 1, 5, 0.95, 'Truck', '2025-10-15 03:40:38', 3),
(371, 1, 1, 5, 0.95, 'Truck', '2025-10-15 03:40:40', 3),
(372, 1, 1, 5, 0.95, 'Truck', '2025-10-15 03:40:42', 3),
(373, 1, 1, 5, 0.95, 'Truck', '2025-10-15 03:40:44', 3),
(374, 1, 1, 5, 0.95, 'Truck', '2025-10-15 03:40:45', 3),
(375, 1, 1, 5, 0.95, 'Truck', '2025-10-15 03:40:47', 3),
(376, 1, 1, 5, 0.95, 'Truck', '2025-10-15 03:40:49', 3),
(377, 1, 1, 5, 0.95, 'Truck', '2025-10-15 03:40:51', 3),
(378, 1, 1, 5, 0.95, 'Truck', '2025-10-15 03:40:53', 3),
(379, 1, 1, 5, 0.95, 'Truck', '2025-10-15 03:40:55', 3),
(380, 1, 1, 5, 0.95, 'Truck', '2025-10-15 03:40:56', 3),
(381, 1, 1, 5, 0.95, 'Truck', '2025-10-15 03:40:58', 3),
(382, 1, 1, 5, 0.95, 'Truck', '2025-10-15 03:41:00', 3),
(383, 1, 1, 5, 0.95, 'Truck', '2025-10-15 03:41:02', 3),
(384, 1, 1, 5, 0.95, 'Truck', '2025-10-15 03:41:04', 3),
(385, 2, 1, 2, 0.7, 'Car', '2025-10-15 03:41:06', 6),
(386, 2, 1, 5, 0.9, 'Truck', '2025-10-15 03:41:33', 2),
(387, 1, 1, 5, 0.9, 'Truck', '2025-10-15 03:41:42', 4),
(388, 1, 1, 5, 0.9, 'Truck', '2025-10-15 03:41:43', 4),
(389, 1, 1, 5, 0.9, 'Truck', '2025-10-15 03:41:45', 4),
(390, 1, 1, 5, 0.9, 'Truck', '2025-10-15 03:41:47', 4),
(391, 1, 1, 5, 0.9, 'Truck', '2025-10-15 03:41:49', 4),
(392, 1, 1, 5, 0.9, 'Truck', '2025-10-15 03:41:51', 4),
(393, 1, 1, 5, 0.9, 'Truck', '2025-10-15 03:41:53', 4),
(394, 2, 1, 4, 0.8, 'Bus', '2025-10-15 03:41:54', 4),
(395, 1, 1, 5, 0.9, 'Truck', '2025-10-15 03:41:56', 4),
(396, 2, 1, 4, 0.8, 'Bus', '2025-10-15 03:41:58', 4),
(397, 1, 1, 5, 0.9, 'Truck', '2025-10-15 03:42:00', 4),
(398, 2, 1, 4, 0.8, 'Bus', '2025-10-15 03:42:01', 4),
(399, 2, 1, 2, 0.7, 'Car', '2025-10-15 03:42:05', 6),
(400, 2, 1, 4, 0.8, 'Bus', '2025-10-15 03:42:07', 4),
(401, 1, 1, 5, 0.9, 'Truck', '2025-10-15 03:42:08', 4),
(402, 2, 1, 4, 0.8, 'Bus', '2025-10-15 03:42:10', 4),
(403, 2, 1, 4, 0.8, 'Bus', '2025-10-15 03:42:13', 4),
(404, 1, 1, 5, 0.9, 'Truck', '2025-10-15 03:42:15', 4),
(405, 2, 1, 4, 0.8, 'Bus', '2025-10-15 03:42:17', 4),
(406, 1, 1, 5, 0.9, 'Truck', '2025-10-15 03:42:19', 4),
(407, 2, 1, 4, 0.8, 'Bus', '2025-10-15 03:42:20', 4),
(408, 1, 1, 5, 0.9, 'Truck', '2025-10-15 03:42:22', 4),
(409, 2, 1, 4, 0.8, 'Bus', '2025-10-15 03:42:24', 4),
(410, 1, 1, 5, 0.9, 'Truck', '2025-10-15 03:42:26', 4),
(411, 2, 1, 4, 0.8, 'Bus', '2025-10-15 03:42:27', 4),
(412, 2, 1, 4, 0.8, 'Bus', '2025-10-15 03:42:29', 4),
(413, 1, 1, 4, 0.8, 'Bus', '2025-10-17 11:05:44', 5),
(414, 2, 1, 4, 0.8, 'Bus', '2025-10-17 11:05:45', 4),
(415, 1, 1, 4, 0.8, 'Bus', '2025-10-17 11:05:47', 5),
(416, 1, 1, 4, 0.8, 'Bus', '2025-10-17 11:05:49', 5),
(417, 1, 1, 4, 0.8, 'Bus', '2025-10-17 11:05:51', 5),
(418, 1, 1, 4, 0.8, 'Bus', '2025-10-17 11:05:53', 5),
(419, 2, 1, 4, 0.8, 'Bus', '2025-10-17 11:05:54', 4),
(420, 1, 1, 4, 0.8, 'Bus', '2025-10-17 11:05:56', 5),
(421, 1, 1, 4, 0.8, 'Bus', '2025-10-17 11:05:58', 5),
(422, 1, 1, 4, 0.8, 'Bus', '2025-10-17 11:06:00', 5),
(423, 1, 1, 4, 0.8, 'Bus', '2025-10-17 11:06:02', 5),
(424, 2, 1, 4, 0.8, 'Bus', '2025-10-17 11:06:03', 4),
(425, 1, 1, 4, 0.8, 'Bus', '2025-10-17 11:06:05', 5),
(426, 2, 1, 5, 0.9, 'Truck', '2025-10-17 11:06:07', 2),
(427, 1, 1, 4, 0.8, 'Bus', '2025-10-17 11:06:09', 5),
(428, 2, 1, 5, 0.9, 'Truck', '2025-10-17 11:06:10', 2),
(429, 1, 1, 4, 0.8, 'Bus', '2025-10-17 11:06:12', 5),
(430, 2, 1, 5, 0.9, 'Truck', '2025-10-17 11:06:14', 2),
(431, 1, 1, 4, 0.8, 'Bus', '2025-10-17 11:06:15', 5),
(432, 2, 1, 5, 0.9, 'Truck', '2025-10-17 11:06:17', 2),
(433, 1, 1, 4, 0.8, 'Bus', '2025-10-17 11:06:19', 5),
(434, 2, 1, 5, 0.9, 'Truck', '2025-10-17 11:06:21', 2),
(435, 1, 1, 4, 0.8, 'Bus', '2025-10-17 11:06:22', 5),
(436, 2, 1, 5, 0.9, 'Truck', '2025-10-17 11:06:24', 2),
(437, 1, 1, 4, 0.8, 'Bus', '2025-10-17 11:06:26', 5),
(438, 2, 1, 5, 0.9, 'Truck', '2025-10-17 11:06:27', 2),
(439, 2, 1, 5, 0.9, 'Truck', '2025-10-17 11:06:29', 2),
(440, 2, 1, 5, 0.9, 'Truck', '2025-10-17 11:06:31', 2),
(441, 2, 1, 5, 0.9, 'Truck', '2025-10-17 11:06:33', 2),
(442, 2, 1, 5, 0.9, 'Truck', '2025-10-17 11:06:35', 2),
(443, 2, 1, 5, 0.9, 'Truck', '2025-10-17 11:06:37', 2),
(444, 2, 1, 5, 0.9, 'Truck', '2025-10-17 11:06:38', 2),
(445, 2, 1, 5, 0.9, 'Truck', '2025-10-17 11:06:40', 2),
(446, 2, 1, 5, 0.9, 'Truck', '2025-10-17 11:06:42', 2),
(447, 2, 1, 5, 0.9, 'Truck', '2025-10-17 11:06:44', 2),
(448, 1, 1, 2, 0.7, 'Car', '2025-10-17 11:06:46', 7),
(449, 2, 1, 5, 0.9, 'Truck', '2025-10-17 11:06:47', 2),
(450, 1, 1, 2, 0.7, 'Car', '2025-10-17 11:06:49', 7),
(451, 2, 1, 5, 0.9, 'Truck', '2025-10-17 11:06:51', 2),
(452, 1, 1, 2, 0.7, 'Car', '2025-10-17 11:06:53', 7),
(453, 2, 1, 5, 0.9, 'Truck', '2025-10-17 11:06:54', 2),
(454, 1, 1, 2, 0.7, 'Car', '2025-10-17 11:06:56', 7),
(455, 2, 1, 5, 0.9, 'Truck', '2025-10-17 11:06:58', 2),
(456, 1, 1, 2, 0.7, 'Car', '2025-10-17 11:07:00', 7),
(457, 2, 1, 5, 0.9, 'Truck', '2025-10-17 11:07:01', 2),
(458, 1, 1, 2, 0.7, 'Car', '2025-10-17 11:07:03', 7),
(459, 2, 1, 5, 0.9, 'Truck', '2025-10-17 11:07:05', 2),
(460, 1, 1, 2, 0.7, 'Car', '2025-10-17 11:07:07', 7),
(461, 2, 1, 5, 0.9, 'Truck', '2025-10-17 11:07:08', 2),
(462, 1, 1, 2, 0.7, 'Car', '2025-10-17 11:07:10', 7),
(463, 2, 1, 5, 0.9, 'Truck', '2025-10-17 11:07:12', 2),
(464, 1, 1, 2, 0.7, 'Car', '2025-10-17 11:07:14', 7),
(465, 1, 1, 2, 0.7, 'Car', '2025-10-17 11:07:15', 7),
(466, 2, 1, 5, 0.9, 'Truck', '2025-10-17 11:07:17', 2),
(467, 1, 1, 2, 0.7, 'Car', '2025-10-17 11:07:19', 7),
(468, 2, 1, 5, 0.9, 'Truck', '2025-10-17 11:07:21', 2),
(469, 1, 1, 2, 0.7, 'Car', '2025-10-17 11:07:22', 7),
(470, 2, 1, 5, 0.9, 'Truck', '2025-10-17 11:07:24', 2),
(471, 1, 1, 2, 0.7, 'Car', '2025-10-17 11:07:26', 7),
(472, 1, 1, 2, 0.7, 'Car', '2025-10-17 11:07:28', 7),
(473, 1, 1, 2, 0.7, 'Car', '2025-10-17 11:07:29', 7),
(474, 1, 1, 2, 0.7, 'Car', '2025-10-17 11:07:31', 7),
(475, 1, 1, 2, 0.7, 'Car', '2025-10-17 11:07:33', 7),
(476, 2, 1, 5, 0.9, 'Truck', '2025-10-17 11:07:35', 2),
(477, 1, 1, 2, 0.7, 'Car', '2025-10-17 11:07:37', 7),
(478, 2, 1, 5, 0.9, 'Truck', '2025-10-17 11:07:38', 2),
(479, 1, 1, 2, 0.7, 'Car', '2025-10-17 11:07:40', 7),
(480, 2, 1, 5, 0.9, 'Truck', '2025-10-17 11:07:42', 2),
(481, 1, 1, 2, 0.7, 'Car', '2025-10-17 11:07:44', 7),
(482, 2, 1, 5, 0.9, 'Truck', '2025-10-17 11:07:45', 2),
(483, 1, 1, 2, 0.7, 'Car', '2025-10-17 11:07:47', 7),
(484, 1, 1, 2, 0.7, 'Car', '2025-10-17 11:07:49', 7),
(485, 2, 1, 5, 0.9, 'Truck', '2025-10-17 11:07:51', 2),
(486, 1, 1, 2, 0.7, 'Car', '2025-10-17 11:07:52', 7),
(487, 2, 1, 5, 0.9, 'Truck', '2025-10-17 11:07:54', 2),
(488, 1, 1, 2, 0.7, 'Car', '2025-10-17 11:07:56', 7),
(489, 2, 1, 5, 0.9, 'Truck', '2025-10-17 11:07:57', 2),
(490, 1, 1, 2, 0.7, 'Car', '2025-10-17 11:07:59', 7),
(491, 1, 1, 2, 0.7, 'Car', '2025-10-17 11:08:01', 7),
(492, 2, 1, 5, 0.9, 'Truck', '2025-10-17 11:08:03', 2),
(493, 1, 1, 2, 0.7, 'Car', '2025-10-17 11:08:05', 7),
(494, 2, 1, 5, 0.9, 'Truck', '2025-10-17 11:08:06', 2),
(495, 1, 1, 2, 0.7, 'Car', '2025-10-17 11:08:08', 7),
(496, 2, 1, 5, 0.9, 'Truck', '2025-10-17 11:08:10', 2),
(497, 1, 1, 2, 0.7, 'Car', '2025-10-17 11:08:12', 7),
(498, 2, 1, 5, 0.9, 'Truck', '2025-10-17 11:08:13', 2),
(499, 1, 1, 2, 0.7, 'Car', '2025-10-17 11:08:15', 7),
(500, 2, 1, 5, 0.9, 'Truck', '2025-10-17 11:08:17', 2),
(501, 1, 1, 2, 0.7, 'Car', '2025-10-17 11:08:18', 7),
(502, 2, 1, 5, 0.9, 'Truck', '2025-10-17 11:08:20', 2),
(503, 1, 1, 2, 0.7, 'Car', '2025-10-17 11:08:22', 7),
(504, 2, 1, 5, 0.9, 'Truck', '2025-10-17 11:08:24', 2),
(505, 1, 1, 2, 0.7, 'Car', '2025-10-17 11:08:25', 7),
(506, 1, 1, 2, 0.7, 'Car', '2025-10-17 11:08:27', 7),
(507, 1, 1, 2, 0.7, 'Car', '2025-10-17 11:08:29', 7),
(508, 1, 1, 2, 0.7, 'Car', '2025-10-17 11:08:31', 7),
(509, 2, 1, 5, 0.9, 'Truck', '2025-10-17 11:08:33', 2),
(510, 1, 1, 2, 0.7, 'Car', '2025-10-17 11:08:34', 7),
(511, 2, 1, 5, 0.9, 'Truck', '2025-10-17 11:08:36', 2),
(512, 1, 1, 2, 0.7, 'Car', '2025-10-17 11:08:38', 7),
(513, 2, 1, 5, 0.9, 'Truck', '2025-10-17 11:08:40', 2),
(514, 1, 1, 2, 0.7, 'Car', '2025-10-17 11:08:41', 7),
(515, 2, 1, 5, 0.9, 'Truck', '2025-10-17 11:08:43', 2),
(516, 2, 1, 5, 0.9, 'Truck', '2025-10-17 11:52:13', 2),
(517, 2, 1, 5, 0.9, 'Truck', '2025-10-17 11:52:15', 2),
(518, 2, 1, 5, 0.9, 'Truck', '2025-10-17 11:52:17', 2),
(519, 2, 1, 5, 0.9, 'Truck', '2025-10-17 11:52:18', 2),
(520, 2, 1, 5, 0.9, 'Truck', '2025-10-17 11:52:20', 2),
(521, 2, 1, 5, 0.9, 'Truck', '2025-10-17 11:52:22', 2),
(522, 2, 1, 5, 0.9, 'Truck', '2025-10-17 11:52:24', 2),
(523, 1, 1, 2, 0.7, 'Car', '2025-10-17 11:52:26', 7),
(524, 1, 1, 2, 0.7, 'Car', '2025-10-17 11:52:28', 7),
(525, 2, 1, 5, 0.9, 'Truck', '2025-10-17 11:52:30', 2),
(526, 2, 1, 5, 0.9, 'Truck', '2025-10-17 11:52:31', 2),
(527, 2, 1, 5, 0.9, 'Truck', '2025-10-17 11:52:33', 2),
(528, 2, 1, 5, 0.9, 'Truck', '2025-10-17 11:52:35', 2),
(529, 2, 1, 5, 0.9, 'Truck', '2025-10-17 11:52:37', 2),
(530, 2, 1, 5, 0.9, 'Truck', '2025-10-17 11:52:39', 2),
(531, 2, 1, 5, 0.9, 'Truck', '2025-10-17 11:52:41', 2),
(532, 2, 1, 5, 0.9, 'Truck', '2025-10-17 11:52:43', 2),
(533, 1, 1, 4, 0.8, 'Bus', '2025-10-17 11:52:44', 5),
(534, 2, 1, 5, 0.9, 'Truck', '2025-10-17 11:52:46', 2),
(535, 1, 1, 4, 0.8, 'Bus', '2025-10-17 11:52:48', 5),
(536, 2, 1, 5, 0.9, 'Truck', '2025-10-17 11:52:49', 2),
(537, 1, 1, 4, 0.8, 'Bus', '2025-10-17 11:52:51', 5),
(538, 2, 1, 5, 0.9, 'Truck', '2025-10-17 11:52:53', 2),
(539, 1, 1, 4, 0.8, 'Bus', '2025-10-17 11:52:55', 5),
(540, 2, 1, 5, 0.9, 'Truck', '2025-10-17 11:52:56', 2),
(541, 2, 1, 5, 0.9, 'Truck', '2025-10-17 11:52:58', 2),
(542, 2, 1, 5, 0.9, 'Truck', '2025-10-17 11:53:00', 2),
(543, 2, 1, 5, 0.9, 'Truck', '2025-10-17 11:53:02', 2),
(544, 2, 1, 5, 0.9, 'Truck', '2025-10-17 11:53:04', 2),
(545, 2, 1, 5, 0.9, 'Truck', '2025-10-17 11:53:06', 2),
(546, 2, 1, 5, 0.9, 'Truck', '2025-10-17 11:53:07', 2),
(547, 2, 1, 5, 0.9, 'Truck', '2025-10-17 11:53:09', 2),
(548, 2, 1, 5, 0.9, 'Truck', '2025-10-17 11:53:11', 2),
(549, 2, 1, 5, 0.9, 'Truck', '2025-10-17 11:53:13', 2),
(550, 2, 1, 5, 0.9, 'Truck', '2025-10-17 11:53:15', 2),
(551, 2, 1, 5, 0.9, 'Truck', '2025-10-17 11:53:17', 2),
(552, 2, 1, 5, 0.9, 'Truck', '2025-10-17 11:53:19', 2),
(553, 2, 1, 5, 0.9, 'Truck', '2025-10-17 11:53:20', 2),
(554, 2, 1, 5, 0.9, 'Truck', '2025-10-17 11:53:22', 2),
(555, 2, 1, 5, 0.9, 'Truck', '2025-10-17 11:53:24', 2),
(556, 2, 1, 5, 0.9, 'Truck', '2025-10-17 11:53:26', 2),
(557, 2, 1, 5, 0.9, 'Truck', '2025-10-17 11:53:28', 2),
(558, 2, 1, 5, 0.9, 'Truck', '2025-10-17 11:53:30', 2),
(559, 2, 1, 5, 0.9, 'Truck', '2025-10-17 11:53:32', 2),
(560, 2, 1, 5, 0.9, 'Truck', '2025-10-17 11:53:33', 2),
(561, 2, 1, 5, 0.9, 'Truck', '2025-10-17 11:53:35', 2),
(562, 2, 1, 5, 0.9, 'Truck', '2025-10-17 11:53:37', 2),
(563, 2, 1, 5, 0.9, 'Truck', '2025-10-17 11:53:39', 2),
(564, 2, 1, 5, 0.9, 'Truck', '2025-10-17 11:53:41', 2),
(565, 2, 1, 5, 0.9, 'Truck', '2025-10-17 11:53:43', 2),
(566, 2, 1, 5, 0.9, 'Truck', '2025-10-17 11:53:44', 2),
(567, 2, 1, 5, 0.9, 'Truck', '2025-10-17 11:53:46', 2),
(568, 2, 1, 5, 0.9, 'Truck', '2025-10-17 11:53:48', 2),
(569, 2, 1, 5, 0.9, 'Truck', '2025-10-17 11:53:50', 2),
(570, 2, 1, 5, 0.9, 'Truck', '2025-10-17 11:53:52', 2),
(571, 2, 1, 5, 0.9, 'Truck', '2025-10-17 11:53:54', 2),
(572, 2, 1, 5, 0.9, 'Truck', '2025-10-17 11:53:56', 2),
(573, 2, 1, 5, 0.9, 'Truck', '2025-10-17 11:53:57', 2),
(574, 2, 1, 5, 0.9, 'Truck', '2025-10-17 11:53:59', 2),
(575, 2, 1, 5, 0.9, 'Truck', '2025-10-17 11:54:01', 2),
(576, 2, 1, 5, 0.9, 'Truck', '2025-10-17 11:54:03', 2),
(577, 2, 1, 5, 0.9, 'Truck', '2025-10-17 11:54:05', 2),
(578, 2, 1, 5, 0.9, 'Truck', '2025-10-17 11:54:07', 2),
(579, 2, 1, 5, 0.9, 'Truck', '2025-10-17 11:54:09', 2),
(580, 2, 1, 5, 0.9, 'Truck', '2025-10-17 11:54:10', 2),
(581, 2, 1, 5, 0.9, 'Truck', '2025-10-17 11:54:12', 2),
(582, 2, 1, 5, 0.9, 'Truck', '2025-10-17 11:54:14', 2),
(583, 2, 1, 5, 0.9, 'Truck', '2025-10-17 11:54:16', 2),
(584, 2, 1, 5, 0.9, 'Truck', '2025-10-17 11:54:18', 2),
(585, 2, 1, 5, 0.9, 'Truck', '2025-10-17 11:54:20', 2),
(586, 2, 1, 5, 0.9, 'Truck', '2025-10-17 11:54:21', 2),
(587, 2, 1, 5, 0.9, 'Truck', '2025-10-17 11:54:23', 2),
(588, 2, 1, 5, 0.9, 'Truck', '2025-10-17 11:54:25', 2),
(589, 2, 1, 5, 0.9, 'Truck', '2025-10-17 11:54:27', 2),
(590, 2, 1, 5, 0.9, 'Truck', '2025-10-17 11:54:29', 2),
(591, 2, 1, 5, 0.9, 'Truck', '2025-10-17 11:54:31', 2),
(592, 2, 1, 5, 0.9, 'Truck', '2025-10-17 11:54:32', 2),
(593, 2, 1, 5, 0.9, 'Truck', '2025-10-17 11:54:34', 2),
(594, 2, 1, 5, 0.9, 'Truck', '2025-10-17 11:54:36', 2),
(595, 2, 1, 5, 0.9, 'Truck', '2025-10-17 11:54:38', 2),
(596, 2, 1, 5, 0.9, 'Truck', '2025-10-17 11:54:40', 2),
(597, 2, 1, 5, 0.9, 'Truck', '2025-10-17 11:54:42', 2),
(598, 2, 1, 5, 0.9, 'Truck', '2025-10-17 11:54:44', 2),
(599, 2, 1, 5, 0.9, 'Truck', '2025-10-17 11:54:45', 2),
(600, 2, 1, 5, 0.9, 'Truck', '2025-10-17 11:54:47', 2),
(601, 2, 1, 5, 0.9, 'Truck', '2025-10-17 11:54:49', 2),
(602, 2, 1, 5, 0.9, 'Truck', '2025-10-17 11:54:51', 2),
(603, 2, 1, 5, 0.9, 'Truck', '2025-10-17 11:54:53', 2),
(604, 2, 1, 5, 0.9, 'Truck', '2025-10-17 11:54:55', 2),
(605, 2, 1, 5, 0.9, 'Truck', '2025-10-17 11:54:56', 2),
(606, 2, 1, 5, 0.9, 'Truck', '2025-10-17 11:54:59', 2),
(607, 2, 1, 5, 0.9, 'Truck', '2025-10-17 11:55:00', 2),
(608, 2, 1, 5, 0.9, 'Truck', '2025-10-17 11:55:02', 2),
(609, 2, 1, 5, 0.9, 'Truck', '2025-10-17 11:55:04', 2),
(610, 2, 1, 5, 0.9, 'Truck', '2025-10-17 11:55:06', 2),
(611, 2, 1, 5, 0.9, 'Truck', '2025-10-17 11:55:08', 2),
(612, 2, 1, 5, 0.9, 'Truck', '2025-10-17 11:55:10', 2),
(613, 2, 1, 5, 0.9, 'Truck', '2025-10-17 11:55:11', 2),
(614, 2, 1, 5, 0.9, 'Truck', '2025-10-17 11:55:13', 2),
(615, 2, 1, 5, 0.9, 'Truck', '2025-10-17 11:55:15', 2),
(616, 2, 1, 5, 0.9, 'Truck', '2025-10-17 11:55:17', 2),
(617, 2, 1, 5, 0.9, 'Truck', '2025-10-17 11:55:19', 2),
(618, 2, 1, 5, 0.9, 'Truck', '2025-10-17 11:55:21', 2),
(619, 2, 1, 5, 0.9, 'Truck', '2025-10-17 11:55:23', 2),
(620, 2, 1, 5, 0.9, 'Truck', '2025-10-17 11:55:24', 2),
(621, 2, 1, 5, 0.9, 'Truck', '2025-10-17 11:55:26', 2),
(622, 2, 1, 5, 0.9, 'Truck', '2025-10-17 11:55:28', 2),
(623, 2, 1, 5, 0.9, 'Truck', '2025-10-17 11:55:30', 2),
(624, 2, 1, 5, 0.9, 'Truck', '2025-10-17 11:55:32', 2),
(625, 2, 1, 5, 0.9, 'Truck', '2025-10-17 11:55:34', 2),
(626, 2, 1, 5, 0.9, 'Truck', '2025-10-17 11:55:35', 2),
(627, 2, 1, 5, 0.9, 'Truck', '2025-10-17 11:55:37', 2),
(628, 2, 1, 5, 0.9, 'Truck', '2025-10-17 11:55:39', 2),
(629, 2, 1, 5, 0.9, 'Truck', '2025-10-17 11:55:41', 2),
(630, 2, 1, 5, 0.9, 'Truck', '2025-10-17 11:55:43', 2),
(631, 2, 1, 5, 0.9, 'Truck', '2025-10-17 11:55:45', 2),
(632, 2, 1, 5, 0.9, 'Truck', '2025-10-17 11:55:46', 2),
(633, 2, 1, 5, 0.9, 'Truck', '2025-10-17 11:55:48', 2),
(634, 2, 1, 5, 0.9, 'Truck', '2025-10-17 11:55:50', 2),
(635, 2, 1, 5, 0.9, 'Truck', '2025-10-17 11:55:52', 2),
(636, 2, 1, 5, 0.9, 'Truck', '2025-10-17 11:55:54', 2),
(637, 2, 1, 5, 0.9, 'Truck', '2025-10-17 11:55:56', 2),
(638, 2, 1, 5, 0.9, 'Truck', '2025-10-17 11:55:58', 2),
(639, 2, 1, 5, 0.9, 'Truck', '2025-10-17 11:55:59', 2),
(640, 2, 1, 5, 0.9, 'Truck', '2025-10-17 11:56:01', 2),
(641, 2, 1, 5, 0.9, 'Truck', '2025-10-17 11:56:03', 2),
(642, 2, 1, 5, 0.9, 'Truck', '2025-10-17 11:56:05', 2),
(643, 2, 1, 5, 0.9, 'Truck', '2025-10-17 11:56:07', 2),
(644, 2, 1, 5, 0.9, 'Truck', '2025-10-17 11:56:09', 2),
(645, 2, 1, 5, 0.9, 'Truck', '2025-10-17 11:56:11', 2),
(646, 2, 1, 5, 0.9, 'Truck', '2025-10-17 11:56:13', 2),
(647, 2, 1, 5, 0.9, 'Truck', '2025-10-17 11:56:14', 2),
(648, 2, 1, 5, 0.9, 'Truck', '2025-10-17 11:56:16', 2),
(649, 2, 1, 5, 0.9, 'Truck', '2025-10-17 11:56:18', 2),
(650, 2, 1, 5, 0.9, 'Truck', '2025-10-17 11:56:20', 2),
(651, 2, 1, 5, 0.9, 'Truck', '2025-10-17 11:56:22', 2),
(652, 2, 1, 5, 0.9, 'Truck', '2025-10-17 11:56:24', 2),
(653, 2, 1, 5, 0.9, 'Truck', '2025-10-17 11:56:25', 2),
(654, 2, 1, 5, 0.9, 'Truck', '2025-10-17 11:56:27', 2),
(655, 2, 1, 5, 0.9, 'Truck', '2025-10-17 11:56:29', 2),
(656, 2, 1, 5, 0.9, 'Truck', '2025-10-17 11:56:31', 2),
(657, 2, 1, 5, 0.9, 'Truck', '2025-10-17 11:56:33', 2),
(658, 2, 1, 5, 0.9, 'Truck', '2025-10-17 11:56:35', 2),
(659, 2, 1, 5, 0.9, 'Truck', '2025-10-17 11:56:36', 2),
(660, 2, 1, 5, 0.9, 'Truck', '2025-10-17 11:56:38', 2),
(661, 2, 1, 5, 0.9, 'Truck', '2025-10-17 11:56:40', 2),
(662, 2, 1, 5, 0.9, 'Truck', '2025-10-17 11:56:42', 2),
(663, 2, 1, 5, 0.9, 'Truck', '2025-10-17 11:56:44', 2),
(664, 2, 1, 5, 0.9, 'Truck', '2025-10-17 11:56:46', 2),
(665, 2, 1, 5, 0.9, 'Truck', '2025-10-17 11:56:48', 2),
(666, 2, 1, 5, 0.9, 'Truck', '2025-10-17 11:56:49', 2),
(667, 2, 1, 5, 0.9, 'Truck', '2025-10-17 11:56:51', 2),
(668, 2, 1, 5, 0.9, 'Truck', '2025-10-17 11:56:53', 2),
(669, 2, 1, 5, 0.9, 'Truck', '2025-10-17 11:56:55', 2),
(670, 2, 1, 5, 0.9, 'Truck', '2025-10-17 11:56:57', 2),
(671, 2, 1, 5, 0.9, 'Truck', '2025-10-17 11:56:59', 2),
(672, 2, 1, 5, 0.9, 'Truck', '2025-10-17 11:57:00', 2),
(673, 2, 1, 5, 0.9, 'Truck', '2025-10-17 11:57:02', 2),
(674, 2, 1, 5, 0.9, 'Truck', '2025-10-17 11:57:04', 2),
(675, 2, 1, 5, 0.9, 'Truck', '2025-10-17 11:57:06', 2),
(676, 2, 1, 5, 0.9, 'Truck', '2025-10-17 11:57:08', 2),
(677, 2, 1, 5, 0.9, 'Truck', '2025-10-17 11:57:10', 2),
(678, 2, 1, 5, 0.9, 'Truck', '2025-10-17 11:57:11', 2),
(679, 2, 1, 5, 0.9, 'Truck', '2025-10-17 11:57:13', 2),
(680, 2, 1, 5, 0.9, 'Truck', '2025-10-17 11:57:15', 2),
(681, 2, 1, 5, 0.9, 'Truck', '2025-10-17 11:57:17', 2),
(682, 2, 1, 5, 0.9, 'Truck', '2025-10-17 11:57:19', 2),
(683, 2, 1, 5, 0.9, 'Truck', '2025-10-17 11:57:21', 2),
(684, 2, 1, 5, 0.9, 'Truck', '2025-10-17 11:57:22', 2),
(685, 2, 1, 5, 0.9, 'Truck', '2025-10-17 11:57:24', 2),
(686, 2, 1, 5, 0.9, 'Truck', '2025-10-17 11:57:26', 2),
(687, 2, 1, 5, 0.9, 'Truck', '2025-10-17 11:57:28', 2),
(688, 2, 1, 5, 0.9, 'Truck', '2025-10-17 11:57:30', 2),
(689, 2, 1, 5, 0.9, 'Truck', '2025-10-17 11:57:32', 2),
(690, 2, 1, 5, 0.9, 'Truck', '2025-10-17 11:57:33', 2),
(691, 2, 1, 5, 0.9, 'Truck', '2025-10-17 11:57:35', 2),
(692, 2, 1, 5, 0.9, 'Truck', '2025-10-17 11:57:37', 2),
(693, 2, 1, 5, 0.9, 'Truck', '2025-10-17 11:57:39', 2),
(694, 2, 1, 5, 0.9, 'Truck', '2025-10-17 11:57:41', 2),
(695, 2, 1, 5, 0.9, 'Truck', '2025-10-17 11:57:43', 2),
(696, 2, 1, 5, 0.9, 'Truck', '2025-10-17 11:57:45', 2),
(697, 2, 1, 5, 0.9, 'Truck', '2025-10-17 11:57:47', 2),
(698, 2, 1, 5, 0.9, 'Truck', '2025-10-17 11:57:48', 2),
(699, 1, 1, 5, 0.9, 'Truck', '2025-10-17 11:57:50', 3),
(700, 2, 1, 5, 0.9, 'Truck', '2025-10-17 11:57:52', 2),
(701, 2, 1, 5, 0.9, 'Truck', '2025-10-17 11:57:54', 2),
(702, 2, 1, 5, 0.9, 'Truck', '2025-10-17 11:57:56', 2),
(703, 2, 1, 5, 0.9, 'Truck', '2025-10-17 11:57:58', 2),
(704, 2, 1, 5, 0.9, 'Truck', '2025-10-17 11:58:00', 2),
(705, 2, 1, 5, 0.9, 'Truck', '2025-10-17 11:58:01', 2),
(706, 2, 1, 5, 0.9, 'Truck', '2025-10-17 11:58:03', 2),
(707, 2, 1, 5, 0.9, 'Truck', '2025-10-17 11:58:05', 2),
(708, 2, 1, 5, 0.9, 'Truck', '2025-10-17 11:58:07', 2),
(709, 2, 1, 5, 0.9, 'Truck', '2025-10-17 11:58:09', 2),
(710, 1, 1, 5, 0.9, 'Truck', '2025-10-17 11:58:11', 3),
(711, 1, 1, 5, 0.9, 'Truck', '2025-10-17 11:58:13', 3),
(712, 1, 1, 5, 0.9, 'Truck', '2025-10-17 11:58:15', 3),
(713, 1, 1, 5, 0.9, 'Truck', '2025-10-17 11:58:17', 3),
(714, 1, 1, 5, 0.9, 'Truck', '2025-10-17 11:58:18', 3),
(715, 1, 1, 5, 0.9, 'Truck', '2025-10-17 11:58:20', 3),
(716, 1, 1, 5, 0.9, 'Truck', '2025-10-17 11:58:22', 3),
(717, 1, 1, 5, 0.9, 'Truck', '2025-10-17 11:58:24', 3),
(718, 2, 1, 4, 0.8, 'Bus', '2025-10-17 11:58:26', 4),
(719, 1, 1, 5, 0.9, 'Truck', '2025-10-17 11:58:27', 3),
(720, 1, 1, 5, 0.9, 'Truck', '2025-10-17 11:58:29', 3),
(721, 2, 1, 4, 0.8, 'Bus', '2025-10-17 11:58:31', 4),
(722, 1, 1, 5, 0.9, 'Truck', '2025-10-17 11:58:33', 3),
(723, 2, 1, 4, 0.8, 'Bus', '2025-10-17 11:58:35', 4),
(724, 2, 1, 4, 0.8, 'Bus', '2025-10-17 11:58:36', 4),
(725, 2, 1, 2, 0.7, 'Car', '2025-10-17 11:58:39', 6),
(726, 2, 1, 2, 0.7, 'Car', '2025-10-17 11:58:47', 6),
(727, 2, 1, 2, 0.7, 'Car', '2025-10-17 11:58:49', 6),
(728, 2, 1, 2, 0.7, 'Car', '2025-10-17 11:58:51', 6),
(729, 2, 1, 2, 0.7, 'Car', '2025-10-17 11:58:53', 6),
(730, 2, 1, 2, 0.7, 'Car', '2025-10-17 11:58:55', 6),
(731, 2, 1, 2, 0.7, 'Car', '2025-10-17 11:58:57', 6),
(732, 2, 1, 2, 0.7, 'Car', '2025-10-17 11:58:58', 6),
(733, 2, 1, 2, 0.7, 'Car', '2025-10-17 11:59:00', 6),
(734, 2, 1, 2, 0.7, 'Car', '2025-10-17 11:59:02', 6),
(735, 2, 1, 2, 0.7, 'Car', '2025-10-17 11:59:04', 6),
(736, 2, 1, 2, 0.7, 'Car', '2025-10-17 11:59:06', 6),
(737, 2, 1, 2, 0.7, 'Car', '2025-10-17 11:59:08', 6),
(738, 2, 1, 2, 0.7, 'Car', '2025-10-17 11:59:10', 6),
(739, 2, 1, 2, 0.7, 'Car', '2025-10-17 11:59:11', 6),
(740, 2, 1, 2, 0.7, 'Car', '2025-10-17 11:59:13', 6),
(741, 2, 1, 2, 0.7, 'Car', '2025-10-17 11:59:15', 6),
(742, 2, 1, 2, 0.7, 'Car', '2025-10-17 11:59:17', 6),
(743, 2, 1, 2, 0.7, 'Car', '2025-10-17 11:59:19', 6),
(744, 2, 1, 2, 0.7, 'Car', '2025-10-17 11:59:21', 6),
(745, 2, 1, 2, 0.7, 'Car', '2025-10-17 11:59:22', 6),
(746, 2, 1, 2, 0.7, 'Car', '2025-10-17 11:59:24', 6),
(747, 2, 1, 2, 0.7, 'Car', '2025-10-17 11:59:26', 6),
(748, 2, 1, 2, 0.7, 'Car', '2025-10-17 11:59:28', 6),
(749, 2, 1, 2, 0.7, 'Car', '2025-10-17 11:59:30', 6),
(750, 2, 1, 2, 0.7, 'Car', '2025-10-17 11:59:32', 6),
(751, 2, 1, 2, 0.7, 'Car', '2025-10-17 11:59:33', 6),
(752, 2, 1, 2, 0.7, 'Car', '2025-10-17 11:59:35', 6),
(753, 2, 1, 2, 0.7, 'Car', '2025-10-17 11:59:37', 6),
(754, 2, 1, 2, 0.7, 'Car', '2025-10-17 11:59:39', 6),
(755, 2, 1, 2, 0.7, 'Car', '2025-10-17 11:59:41', 6),
(756, 2, 1, 2, 0.7, 'Car', '2025-10-17 11:59:43', 6),
(757, 2, 1, 2, 0.7, 'Car', '2025-10-17 11:59:45', 6),
(758, 2, 1, 2, 0.7, 'Car', '2025-10-17 11:59:46', 6),
(759, 2, 1, 2, 0.7, 'Car', '2025-10-17 11:59:48', 6),
(760, 2, 1, 2, 0.7, 'Car', '2025-10-17 11:59:50', 6),
(761, 2, 1, 2, 0.7, 'Car', '2025-10-17 11:59:52', 6),
(762, 2, 1, 2, 0.7, 'Car', '2025-10-17 11:59:54', 6),
(763, 2, 1, 2, 0.7, 'Car', '2025-10-17 11:59:56', 6),
(764, 2, 1, 2, 0.7, 'Car', '2025-10-17 11:59:57', 6),
(765, 2, 1, 2, 0.7, 'Car', '2025-10-17 11:59:59', 6),
(766, 2, 1, 2, 0.7, 'Car', '2025-10-17 12:00:01', 6),
(767, 2, 1, 2, 0.7, 'Car', '2025-10-17 12:00:03', 6),
(768, 2, 1, 2, 0.7, 'Car', '2025-10-17 12:00:05', 6),
(769, 2, 1, 2, 0.7, 'Car', '2025-10-17 12:00:07', 6),
(770, 2, 1, 2, 0.7, 'Car', '2025-10-17 12:00:08', 6),
(771, 2, 1, 2, 0.7, 'Car', '2025-10-17 12:00:10', 6),
(772, 2, 1, 2, 0.7, 'Car', '2025-10-17 12:00:12', 6),
(773, 2, 1, 2, 0.7, 'Car', '2025-10-17 12:00:14', 6),
(774, 2, 1, 2, 0.7, 'Car', '2025-10-17 12:00:16', 6),
(775, 2, 1, 2, 0.7, 'Car', '2025-10-17 12:00:18', 6),
(776, 2, 1, 2, 0.7, 'Car', '2025-10-17 12:00:20', 6),
(777, 2, 1, 2, 0.7, 'Car', '2025-10-17 12:00:21', 6),
(778, 2, 1, 2, 0.7, 'Car', '2025-10-17 12:00:23', 6),
(779, 2, 1, 2, 0.7, 'Car', '2025-10-17 12:00:25', 6),
(780, 2, 1, 2, 0.7, 'Car', '2025-10-17 12:00:27', 6),
(781, 2, 1, 2, 0.7, 'Car', '2025-10-17 12:00:29', 6),
(782, 2, 1, 2, 0.7, 'Car', '2025-10-17 12:00:31', 6),
(783, 2, 1, 2, 0.7, 'Car', '2025-10-17 12:00:32', 6),
(784, 2, 1, 2, 0.7, 'Car', '2025-10-17 12:00:34', 6),
(785, 2, 1, 2, 0.7, 'Car', '2025-10-17 12:00:36', 6),
(786, 2, 1, 2, 0.7, 'Car', '2025-10-17 12:00:38', 6),
(787, 2, 1, 2, 0.7, 'Car', '2025-10-17 12:00:40', 6),
(788, 2, 1, 2, 0.7, 'Car', '2025-10-17 12:00:42', 6),
(789, 2, 1, 2, 0.7, 'Car', '2025-10-17 12:00:43', 6),
(790, 2, 1, 2, 0.7, 'Car', '2025-10-17 12:00:45', 6),
(791, 2, 1, 2, 0.7, 'Car', '2025-10-17 12:00:47', 6),
(792, 2, 1, 2, 0.7, 'Car', '2025-10-17 12:00:49', 6),
(793, 2, 1, 2, 0.7, 'Car', '2025-10-17 12:00:51', 6),
(794, 2, 1, 2, 0.7, 'Car', '2025-10-17 12:00:53', 6),
(795, 2, 1, 2, 0.7, 'Car', '2025-10-17 12:00:54', 6),
(796, 2, 1, 2, 0.7, 'Car', '2025-10-17 12:00:56', 6),
(797, 2, 1, 2, 0.7, 'Car', '2025-10-17 12:00:58', 6),
(798, 2, 1, 2, 0.7, 'Car', '2025-10-17 12:01:00', 6),
(799, 2, 1, 2, 0.7, 'Car', '2025-10-17 12:01:02', 6),
(800, 2, 1, 2, 0.7, 'Car', '2025-10-17 12:01:04', 6),
(801, 2, 1, 2, 0.7, 'Car', '2025-10-17 12:01:06', 6),
(802, 2, 1, 2, 0.7, 'Car', '2025-10-17 12:01:07', 6),
(803, 2, 1, 2, 0.7, 'Car', '2025-10-17 12:01:09', 6),
(804, 2, 1, 2, 0.7, 'Car', '2025-10-17 12:01:11', 6),
(805, 2, 1, 2, 0.7, 'Car', '2025-10-17 12:01:13', 6),
(806, 2, 1, 2, 0.7, 'Car', '2025-10-17 12:01:15', 6),
(807, 2, 1, 2, 0.7, 'Car', '2025-10-17 12:01:17', 6),
(808, 2, 1, 2, 0.7, 'Car', '2025-10-17 12:01:18', 6),
(809, 2, 1, 2, 0.7, 'Car', '2025-10-17 12:01:20', 6),
(810, 2, 1, 2, 0.7, 'Car', '2025-10-17 12:01:22', 6),
(811, 2, 1, 2, 0.7, 'Car', '2025-10-17 12:01:24', 6),
(812, 2, 1, 2, 0.7, 'Car', '2025-10-17 12:01:26', 6),
(813, 2, 1, 2, 0.7, 'Car', '2025-10-17 12:01:28', 6),
(814, 2, 1, 2, 0.7, 'Car', '2025-10-17 12:01:29', 6),
(815, 2, 1, 2, 0.7, 'Car', '2025-10-17 12:01:31', 6),
(816, 2, 1, 2, 0.7, 'Car', '2025-10-17 12:01:33', 6),
(817, 2, 1, 2, 0.7, 'Car', '2025-10-17 12:01:35', 6),
(818, 2, 1, 2, 0.7, 'Car', '2025-10-17 12:01:37', 6),
(819, 2, 1, 2, 0.7, 'Car', '2025-10-17 12:01:39', 6),
(820, 2, 1, 2, 0.7, 'Car', '2025-10-17 12:01:41', 6),
(821, 2, 1, 2, 0.7, 'Car', '2025-10-17 12:01:42', 6),
(822, 2, 1, 2, 0.7, 'Car', '2025-10-17 12:01:44', 6),
(823, 2, 1, 2, 0.7, 'Car', '2025-10-17 12:01:46', 6),
(824, 2, 1, 2, 0.7, 'Car', '2025-10-17 12:01:48', 6),
(825, 2, 1, 2, 0.7, 'Car', '2025-10-17 12:01:50', 6),
(826, 2, 1, 2, 0.7, 'Car', '2025-10-17 12:01:52', 6),
(827, 2, 1, 2, 0.7, 'Car', '2025-10-17 12:01:54', 6),
(828, 1, 1, 5, 0.9, 'Truck', '2025-10-17 12:09:29', 3),
(829, 1, 1, 5, 0.9, 'Truck', '2025-10-17 12:09:31', 3),
(830, 1, 1, 5, 0.9, 'Truck', '2025-10-17 12:09:33', 3),
(831, 1, 1, 5, 0.9, 'Truck', '2025-10-17 12:09:35', 3),
(832, 1, 1, 5, 0.9, 'Truck', '2025-10-17 12:09:36', 3),
(833, 1, 1, 5, 0.9, 'Truck', '2025-10-17 12:09:38', 3),
(834, 1, 1, 5, 0.9, 'Truck', '2025-10-17 12:09:40', 3),
(835, 1, 1, 5, 0.9, 'Truck', '2025-10-17 12:09:42', 3),
(836, 1, 1, 5, 0.9, 'Truck', '2025-10-17 12:09:44', 3),
(837, 1, 1, 5, 0.9, 'Truck', '2025-10-17 12:09:46', 3),
(838, 1, 1, 5, 0.9, 'Truck', '2025-10-17 12:09:47', 3),
(839, 1, 1, 5, 0.9, 'Truck', '2025-10-17 12:09:49', 3),
(840, 1, 1, 5, 0.9, 'Truck', '2025-10-17 12:09:51', 3),
(841, 1, 1, 5, 0.9, 'Truck', '2025-10-17 12:09:53', 3),
(842, 1, 1, 5, 0.9, 'Truck', '2025-10-17 12:09:55', 3),
(843, 1, 1, 5, 0.9, 'Truck', '2025-10-17 12:09:57', 3),
(844, 1, 1, 5, 0.9, 'Truck', '2025-10-17 12:09:59', 3),
(845, 1, 1, 5, 0.9, 'Truck', '2025-10-17 12:10:00', 3),
(846, 2, 1, 4, 0.8, 'Bus', '2025-10-17 12:10:09', 4),
(847, 2, 1, 5, 0.9, 'Truck', '2025-10-17 12:10:11', 2),
(848, 2, 1, 5, 0.9, 'Truck', '2025-10-17 12:10:13', 2),
(849, 2, 1, 5, 0.9, 'Truck', '2025-10-17 12:10:15', 2),
(850, 1, 1, 4, 0.8, 'Bus', '2025-10-17 12:10:17', 5),
(851, 2, 1, 5, 0.9, 'Truck', '2025-10-17 12:10:18', 2),
(852, 1, 1, 4, 0.8, 'Bus', '2025-10-17 12:10:20', 5),
(853, 2, 1, 5, 0.9, 'Truck', '2025-10-17 12:10:22', 2),
(854, 1, 1, 2, 0.75, 'Car', '2025-10-17 12:10:24', 6),
(855, 1, 1, 4, 0.8, 'Bus', '2025-10-17 12:10:26', 5),
(856, 1, 1, 4, 0.8, 'Bus', '2025-10-17 12:10:28', 5),
(857, 1, 1, 4, 0.8, 'Bus', '2025-10-17 12:10:29', 5),
(858, 1, 1, 4, 0.8, 'Bus', '2025-10-17 12:10:31', 5),
(859, 2, 1, 5, 0.9, 'Truck', '2025-10-17 12:10:33', 2),
(860, 1, 1, 2, 0.7, 'Car', '2025-10-17 12:10:35', 7),
(861, 2, 1, 5, 0.9, 'Truck', '2025-10-17 12:10:36', 2),
(862, 1, 1, 4, 0.8, 'Bus', '2025-10-17 12:10:38', 5),
(863, 2, 1, 5, 0.9, 'Truck', '2025-10-17 12:10:40', 2),
(864, 1, 1, 4, 0.8, 'Bus', '2025-10-17 12:10:42', 5),
(865, 1, 1, 4, 0.8, 'Bus', '2025-10-17 12:10:44', 5),
(866, 2, 1, 5, 0.9, 'Truck', '2025-10-17 12:10:45', 2),
(867, 1, 1, 4, 0.8, 'Bus', '2025-10-17 12:10:47', 5),
(868, 2, 1, 5, 0.9, 'Truck', '2025-10-17 12:10:49', 2),
(869, 1, 1, 4, 0.8, 'Bus', '2025-10-17 12:10:50', 5),
(870, 2, 1, 5, 0.9, 'Truck', '2025-10-17 12:10:52', 2),
(871, 1, 1, 4, 0.8, 'Bus', '2025-10-17 12:10:54', 5),
(872, 2, 1, 5, 0.9, 'Truck', '2025-10-17 12:10:56', 2),
(873, 1, 1, 4, 0.8, 'Bus', '2025-10-17 12:10:57', 5),
(874, 2, 1, 5, 0.9, 'Truck', '2025-10-17 12:10:59', 2),
(875, 1, 1, 4, 0.8, 'Bus', '2025-10-17 12:11:01', 5),
(876, 2, 1, 5, 0.9, 'Truck', '2025-10-17 12:11:03', 2),
(877, 1, 1, 4, 0.8, 'Bus', '2025-10-17 12:11:04', 5),
(878, 1, 1, 4, 0.8, 'Bus', '2025-10-17 12:11:06', 5),
(879, 1, 1, 4, 0.8, 'Bus', '2025-10-17 12:11:08', 5),
(880, 2, 1, 5, 0.9, 'Truck', '2025-10-17 12:11:10', 2),
(881, 2, 1, 5, 0.9, 'Truck', '2025-10-17 12:11:12', 2),
(882, 2, 1, 4, 0.8, 'Bus', '2025-10-17 12:13:26', 4),
(883, 2, 1, 4, 0.8, 'Bus', '2025-10-17 12:13:27', 4),
(884, 2, 1, 4, 0.8, 'Bus', '2025-10-17 12:13:29', 4),
(885, 2, 1, 4, 0.8, 'Bus', '2025-10-17 12:13:31', 4),
(886, 2, 1, 4, 0.8, 'Bus', '2025-10-17 12:13:33', 4),
(887, 2, 1, 4, 0.8, 'Bus', '2025-10-17 12:13:35', 4),
(888, 2, 1, 4, 0.8, 'Bus', '2025-10-17 12:13:37', 4),
(889, 2, 1, 4, 0.8, 'Bus', '2025-10-17 12:13:38', 4),
(890, 2, 1, 4, 0.8, 'Bus', '2025-10-17 12:13:40', 4),
(891, 2, 1, 4, 0.8, 'Bus', '2025-10-17 12:13:42', 4),
(892, 2, 1, 4, 0.8, 'Bus', '2025-10-17 12:13:44', 4),
(893, 2, 1, 4, 0.8, 'Bus', '2025-10-17 12:13:46', 4),
(894, 2, 1, 4, 0.8, 'Bus', '2025-10-17 12:13:48', 4),
(895, 2, 1, 4, 0.8, 'Bus', '2025-10-17 12:13:50', 4),
(896, 2, 1, 4, 0.8, 'Bus', '2025-10-17 12:13:52', 4),
(897, 2, 1, 4, 0.8, 'Bus', '2025-10-17 12:13:56', 4),
(898, 2, 1, 5, 0.9, 'Truck', '2025-10-17 12:13:58', 2),
(899, 2, 1, 5, 0.9, 'Truck', '2025-10-17 12:14:00', 2),
(900, 1, 1, 2, 0.75, 'Car', '2025-10-17 12:33:09', 6),
(901, 1, 1, 5, 0.95, 'Truck', '2025-10-17 12:33:10', 2),
(902, 1, 1, 5, 0.9, 'Truck', '2025-10-17 12:33:12', 3),
(903, 1, 1, 5, 0.9, 'Truck', '2025-10-17 12:33:14', 3),
(904, 1, 1, 4, 0.8, 'Bus', '2025-10-17 12:33:16', 5),
(905, 1, 1, 5, 0.9, 'Truck', '2025-10-17 12:33:18', 3),
(906, 1, 1, 5, 0.85, 'Truck', '2025-10-17 12:33:20', 4),
(907, 1, 1, 4, 0.8, 'Bus', '2025-10-17 12:33:21', 5),
(908, 1, 1, 2, 0.7, 'Car', '2025-10-17 12:33:42', 7),
(909, 1, 1, 2, 0.7, 'Car', '2025-10-17 12:33:44', 7),
(910, 1, 1, 2, 0.7, 'Car', '2025-10-17 12:33:46', 7),
(911, 1, 1, 2, 0.7, 'Car', '2025-10-17 12:33:48', 7),
(912, 1, 1, 2, 0.7, 'Car', '2025-10-17 12:33:50', 7),
(913, 2, 1, 2, 0.7, 'Car', '2025-10-17 12:33:57', 6),
(914, 2, 1, 4, 0.8, 'Bus', '2025-10-17 12:34:12', 4),
(915, 2, 1, 5, 0.9, 'Truck', '2025-10-17 12:34:15', 2),
(916, 2, 1, 5, 0.9, 'Truck', '2025-10-17 12:34:16', 2),
(917, 2, 1, 2, 0.75, 'Car', '2025-10-17 12:34:18', 5),
(918, 2, 1, 4, 0.8, 'Bus', '2025-10-17 12:34:20', 4),
(919, 1, 1, 2, 0.75, 'Car', '2025-10-17 12:34:34', 6),
(920, 1, 1, 2, 0.75, 'Car', '2025-10-17 12:34:36', 6),
(921, 1, 1, 2, 0.7, 'Car', '2025-10-17 12:34:38', 7),
(922, 1, 1, 5, 0.9, 'Truck', '2025-10-17 12:34:40', 3),
(923, 2, 1, 4, 0.8, 'Bus', '2025-10-17 12:34:42', 4),
(924, 1, 1, 4, 0.8, 'Bus', '2025-10-17 12:36:23', 5),
(925, 1, 1, 4, 0.8, 'Bus', '2025-10-17 12:36:25', 5),
(926, 2, 1, 5, 0.9, 'Truck', '2025-10-17 12:36:27', 2),
(927, 2, 1, 4, 0.8, 'Bus', '2025-10-17 12:36:36', 4),
(928, 2, 1, 5, 0.85, 'Truck', '2025-10-17 12:36:38', 3),
(929, 2, 1, 5, 0.85, 'Truck', '2025-10-17 12:36:40', 3),
(930, 2, 1, 5, 0.85, 'Truck', '2025-10-17 12:36:42', 3),
(931, 2, 1, 5, 0.85, 'Truck', '2025-10-17 12:36:43', 3),
(932, 2, 1, 5, 0.85, 'Truck', '2025-10-17 12:36:45', 3),
(933, 2, 1, 5, 0.85, 'Truck', '2025-10-17 12:36:47', 3),
(934, 2, 1, 5, 0.85, 'Truck', '2025-10-17 12:36:49', 3),
(935, 2, 1, 5, 0.85, 'Truck', '2025-10-17 12:36:51', 3),
(936, 2, 1, 5, 0.85, 'Truck', '2025-10-17 12:36:53', 3),
(937, 2, 1, 5, 0.85, 'Truck', '2025-10-17 12:36:55', 3),
(938, 2, 1, 5, 0.9, 'Truck', '2025-10-17 12:36:56', 2);
INSERT INTO `traffic_data` (`id`, `sensor_id`, `vehicle_count`, `vehicle_type_id`, `vehicle_height`, `vehicle_type`, `timestamp`, `distance`) VALUES
(939, 2, 1, 4, 0.8, 'Bus', '2025-10-17 12:36:58', 4),
(940, 2, 1, 5, 0.85, 'Truck', '2025-10-17 12:37:00', 3),
(941, 2, 1, 5, 0.9, 'Truck', '2025-10-17 12:37:02', 2),
(942, 2, 1, 5, 0.85, 'Truck', '2025-10-17 12:37:04', 3),
(943, 2, 1, 5, 0.85, 'Truck', '2025-10-17 12:37:06', 3),
(944, 1, 1, 2, 0.75, 'Car', '2025-10-17 12:37:34', 6),
(945, 1, 1, 2, 0.75, 'Car', '2025-10-17 12:37:36', 6),
(946, 1, 1, 2, 0.75, 'Car', '2025-10-17 12:37:38', 6),
(947, 1, 1, 2, 0.75, 'Car', '2025-10-17 12:37:40', 6),
(948, 1, 1, 4, 0.8, 'Bus', '2025-10-17 12:37:42', 5),
(949, 1, 1, 4, 0.8, 'Bus', '2025-10-17 12:37:44', 5),
(950, 1, 1, 4, 0.8, 'Bus', '2025-10-17 12:37:46', 5),
(951, 1, 1, 4, 0.8, 'Bus', '2025-10-17 12:37:48', 5),
(952, 1, 1, 4, 0.8, 'Bus', '2025-10-17 12:37:50', 5),
(953, 1, 1, 4, 0.8, 'Bus', '2025-10-17 12:37:51', 5),
(954, 2, 1, 5, 0.9, 'Truck', '2025-10-17 12:37:53', 2),
(955, 1, 1, 4, 0.8, 'Bus', '2025-10-17 12:37:55', 5),
(956, 2, 1, 4, 0.8, 'Bus', '2025-10-17 12:37:57', 4),
(957, 1, 1, 4, 0.8, 'Bus', '2025-10-17 12:37:58', 5),
(958, 2, 1, 5, 0.9, 'Truck', '2025-10-17 12:38:00', 2),
(959, 1, 1, 4, 0.8, 'Bus', '2025-10-17 12:38:02', 5),
(960, 1, 1, 4, 0.8, 'Bus', '2025-10-17 12:38:04', 5),
(961, 1, 1, 4, 0.8, 'Bus', '2025-10-17 12:38:06', 5),
(962, 2, 1, 2, 0.7, 'Car', '2025-10-17 12:38:07', 6),
(963, 1, 1, 4, 0.8, 'Bus', '2025-10-17 12:38:09', 5),
(964, 2, 1, 2, 0.7, 'Car', '2025-10-17 12:38:11', 6),
(965, 1, 1, 4, 0.8, 'Bus', '2025-10-17 12:38:13', 5),
(966, 2, 1, 2, 0.7, 'Car', '2025-10-17 12:38:14', 6),
(967, 1, 1, 4, 0.8, 'Bus', '2025-10-17 12:38:16', 5),
(968, 2, 1, 2, 0.7, 'Car', '2025-10-17 12:38:18', 6),
(969, 1, 1, 4, 0.8, 'Bus', '2025-10-17 12:38:20', 5),
(970, 1, 1, 4, 0.8, 'Bus', '2025-10-17 12:38:21', 5),
(971, 2, 1, 2, 0.7, 'Car', '2025-10-17 12:38:23', 6),
(972, 1, 1, 4, 0.8, 'Bus', '2025-10-17 12:38:25', 5),
(973, 2, 1, 2, 0.7, 'Car', '2025-10-17 12:38:27', 6),
(974, 1, 1, 4, 0.8, 'Bus', '2025-10-17 12:38:28', 5),
(975, 2, 1, 2, 0.7, 'Car', '2025-10-17 12:38:30', 6),
(976, 1, 1, 4, 0.8, 'Bus', '2025-10-17 12:38:32', 5),
(977, 2, 1, 2, 0.7, 'Car', '2025-10-17 12:38:34', 6),
(978, 1, 1, 4, 0.8, 'Bus', '2025-10-17 12:38:35', 5),
(979, 2, 1, 2, 0.7, 'Car', '2025-10-17 12:38:37', 6),
(980, 1, 1, 4, 0.8, 'Bus', '2025-10-17 12:38:39', 5),
(981, 2, 1, 2, 0.7, 'Car', '2025-10-17 12:38:41', 6),
(982, 1, 1, 4, 0.8, 'Bus', '2025-10-17 12:38:42', 5),
(983, 2, 1, 2, 0.7, 'Car', '2025-10-17 12:38:44', 6),
(984, 2, 1, 2, 0.7, 'Car', '2025-10-17 12:38:46', 6),
(985, 2, 1, 2, 0.7, 'Car', '2025-10-17 12:38:48', 6),
(986, 2, 1, 2, 0.7, 'Car', '2025-10-17 12:38:50', 6),
(987, 2, 1, 2, 0.7, 'Car', '2025-10-17 12:38:51', 6),
(988, 2, 1, 2, 0.7, 'Car', '2025-10-17 12:38:53', 6),
(989, 2, 1, 2, 0.7, 'Car', '2025-10-17 12:38:55', 6),
(990, 2, 1, 2, 0.7, 'Car', '2025-10-17 12:38:57', 6),
(991, 2, 1, 2, 0.7, 'Car', '2025-10-17 12:38:59', 6),
(992, 2, 1, 2, 0.7, 'Car', '2025-10-17 12:39:01', 6),
(993, 2, 1, 2, 0.7, 'Car', '2025-10-17 12:39:02', 6),
(994, 2, 1, 2, 0.7, 'Car', '2025-10-17 12:39:04', 6),
(995, 2, 1, 2, 0.7, 'Car', '2025-10-17 12:39:06', 6),
(996, 2, 1, 2, 0.7, 'Car', '2025-10-17 12:39:08', 6),
(997, 2, 1, 2, 0.7, 'Car', '2025-10-17 12:39:10', 6),
(998, 2, 1, 2, 0.7, 'Car', '2025-10-17 12:39:12', 6),
(999, 2, 1, 2, 0.7, 'Car', '2025-10-17 12:39:13', 6),
(1000, 2, 1, 2, 0.7, 'Car', '2025-10-17 12:39:15', 6),
(1001, 2, 1, 2, 0.7, 'Car', '2025-10-17 12:39:17', 6),
(1002, 2, 1, 2, 0.7, 'Car', '2025-10-17 12:39:19', 6),
(1003, 2, 1, 2, 0.7, 'Car', '2025-10-17 12:39:21', 6),
(1004, 2, 1, 2, 0.7, 'Car', '2025-10-17 12:39:23', 6),
(1005, 2, 1, 2, 0.7, 'Car', '2025-10-17 12:39:25', 6),
(1006, 2, 1, 2, 0.7, 'Car', '2025-10-17 12:39:26', 6),
(1007, 2, 1, 2, 0.7, 'Car', '2025-10-17 12:39:28', 6),
(1008, 2, 1, 2, 0.7, 'Car', '2025-10-17 12:39:30', 6),
(1009, 2, 1, 2, 0.7, 'Car', '2025-10-17 12:39:32', 6),
(1010, 2, 1, 2, 0.7, 'Car', '2025-10-17 12:39:34', 6),
(1011, 2, 1, 2, 0.7, 'Car', '2025-10-17 12:39:36', 6),
(1012, 2, 1, 2, 0.7, 'Car', '2025-10-17 12:39:38', 6),
(1013, 2, 1, 2, 0.7, 'Car', '2025-10-17 12:39:39', 6),
(1014, 2, 1, 2, 0.7, 'Car', '2025-10-17 12:39:41', 6),
(1015, 2, 1, 2, 0.7, 'Car', '2025-10-17 12:39:43', 6),
(1016, 2, 1, 2, 0.7, 'Car', '2025-10-17 12:39:45', 6),
(1017, 2, 1, 2, 0.7, 'Car', '2025-10-17 12:39:47', 6),
(1018, 2, 1, 2, 0.7, 'Car', '2025-10-17 12:39:49', 6),
(1019, 2, 1, 2, 0.7, 'Car', '2025-10-17 12:39:50', 6),
(1020, 2, 1, 2, 0.7, 'Car', '2025-10-17 12:39:52', 6),
(1021, 2, 1, 2, 0.7, 'Car', '2025-10-17 12:39:54', 6),
(1022, 2, 1, 2, 0.7, 'Car', '2025-10-17 12:39:56', 6),
(1023, 2, 1, 2, 0.7, 'Car', '2025-10-17 12:39:58', 6),
(1024, 2, 1, 2, 0.7, 'Car', '2025-10-17 12:40:00', 6),
(1025, 2, 1, 2, 0.7, 'Car', '2025-10-17 12:40:01', 6),
(1026, 2, 1, 2, 0.7, 'Car', '2025-10-17 12:40:03', 6),
(1027, 2, 1, 2, 0.7, 'Car', '2025-10-17 12:40:05', 6),
(1028, 2, 1, 2, 0.7, 'Car', '2025-10-17 12:40:07', 6),
(1029, 2, 1, 2, 0.7, 'Car', '2025-10-17 12:40:09', 6),
(1030, 2, 1, 2, 0.7, 'Car', '2025-10-17 12:40:11', 6),
(1031, 2, 1, 2, 0.7, 'Car', '2025-10-17 12:40:13', 6),
(1032, 2, 1, 2, 0.7, 'Car', '2025-10-17 12:40:15', 6),
(1033, 2, 1, 2, 0.7, 'Car', '2025-10-17 12:40:17', 6),
(1034, 2, 1, 2, 0.7, 'Car', '2025-10-17 12:40:18', 6),
(1035, 2, 1, 2, 0.7, 'Car', '2025-10-17 12:40:20', 6),
(1036, 2, 1, 2, 0.7, 'Car', '2025-10-17 12:40:22', 6),
(1037, 2, 1, 2, 0.7, 'Car', '2025-10-17 12:40:24', 6),
(1038, 2, 1, 2, 0.7, 'Car', '2025-10-17 12:40:26', 6),
(1039, 2, 1, 2, 0.7, 'Car', '2025-10-17 12:40:28', 6),
(1040, 2, 1, 2, 0.7, 'Car', '2025-10-17 12:40:29', 6),
(1041, 2, 1, 2, 0.7, 'Car', '2025-10-17 12:40:31', 6),
(1042, 2, 1, 2, 0.7, 'Car', '2025-10-17 12:40:33', 6),
(1043, 2, 1, 2, 0.7, 'Car', '2025-10-17 12:40:35', 6),
(1044, 2, 1, 2, 0.7, 'Car', '2025-10-17 12:40:37', 6),
(1045, 2, 1, 2, 0.7, 'Car', '2025-10-17 12:40:39', 6),
(1046, 2, 1, 2, 0.7, 'Car', '2025-10-17 12:40:40', 6),
(1047, 2, 1, 2, 0.7, 'Car', '2025-10-17 12:40:42', 6),
(1048, 2, 1, 2, 0.7, 'Car', '2025-10-17 12:40:44', 6),
(1049, 2, 1, 2, 0.7, 'Car', '2025-10-17 12:40:46', 6),
(1050, 2, 1, 2, 0.7, 'Car', '2025-10-17 12:40:48', 6),
(1051, 2, 1, 2, 0.7, 'Car', '2025-10-17 12:40:50', 6),
(1052, 2, 1, 2, 0.7, 'Car', '2025-10-17 12:40:51', 6),
(1053, 2, 1, 2, 0.7, 'Car', '2025-10-17 12:40:53', 6),
(1054, 2, 1, 2, 0.7, 'Car', '2025-10-17 12:40:55', 6),
(1055, 2, 1, 2, 0.7, 'Car', '2025-10-17 12:40:57', 6),
(1056, 2, 1, 2, 0.7, 'Car', '2025-10-17 12:40:59', 6),
(1057, 2, 1, 2, 0.7, 'Car', '2025-10-17 12:41:01', 6),
(1058, 2, 1, 2, 0.7, 'Car', '2025-10-17 12:41:03', 6),
(1059, 2, 1, 2, 0.7, 'Car', '2025-10-17 12:41:04', 6),
(1060, 2, 1, 2, 0.7, 'Car', '2025-10-17 12:41:06', 6),
(1061, 2, 1, 2, 0.7, 'Car', '2025-10-17 12:41:08', 6),
(1062, 2, 1, 2, 0.7, 'Car', '2025-10-17 12:41:10', 6),
(1063, 2, 1, 2, 0.7, 'Car', '2025-10-17 12:41:12', 6),
(1064, 2, 1, 2, 0.7, 'Car', '2025-10-17 12:41:14', 6),
(1065, 2, 1, 2, 0.7, 'Car', '2025-10-17 12:41:16', 6),
(1066, 2, 1, 2, 0.7, 'Car', '2025-10-17 12:41:17', 6),
(1067, 2, 1, 2, 0.7, 'Car', '2025-10-17 12:41:19', 6),
(1068, 2, 1, 2, 0.7, 'Car', '2025-10-17 12:41:21', 6),
(1069, 2, 1, 2, 0.7, 'Car', '2025-10-17 12:41:23', 6),
(1070, 2, 1, 2, 0.7, 'Car', '2025-10-17 12:41:25', 6),
(1071, 2, 1, 2, 0.7, 'Car', '2025-10-17 12:41:27', 6),
(1072, 2, 1, 2, 0.7, 'Car', '2025-10-17 12:41:28', 6),
(1073, 2, 1, 2, 0.7, 'Car', '2025-10-17 12:41:30', 6),
(1074, 2, 1, 2, 0.7, 'Car', '2025-10-17 12:41:32', 6),
(1075, 2, 1, 2, 0.7, 'Car', '2025-10-17 12:41:34', 6),
(1076, 2, 1, 2, 0.7, 'Car', '2025-10-17 12:41:36', 6),
(1077, 2, 1, 2, 0.7, 'Car', '2025-10-17 12:41:38', 6),
(1078, 2, 1, 2, 0.7, 'Car', '2025-10-17 12:41:39', 6),
(1079, 2, 1, 2, 0.7, 'Car', '2025-10-17 12:41:41', 6),
(1080, 2, 1, 2, 0.7, 'Car', '2025-10-17 12:41:43', 6),
(1081, 2, 1, 2, 0.7, 'Car', '2025-10-17 12:41:45', 6),
(1082, 2, 1, 2, 0.7, 'Car', '2025-10-17 12:41:47', 6),
(1083, 2, 1, 2, 0.7, 'Car', '2025-10-17 12:41:49', 6),
(1084, 2, 1, 2, 0.7, 'Car', '2025-10-17 12:41:50', 6),
(1085, 2, 1, 2, 0.7, 'Car', '2025-10-17 12:41:52', 6),
(1086, 2, 1, 2, 0.7, 'Car', '2025-10-17 12:41:54', 6),
(1087, 2, 1, 2, 0.7, 'Car', '2025-10-17 12:41:56', 6),
(1088, 2, 1, 2, 0.7, 'Car', '2025-10-17 12:41:58', 6),
(1089, 2, 1, 2, 0.7, 'Car', '2025-10-17 12:42:00', 6),
(1090, 2, 1, 2, 0.7, 'Car', '2025-10-17 12:42:02', 6),
(1091, 2, 1, 2, 0.7, 'Car', '2025-10-17 12:42:04', 6),
(1092, 2, 1, 2, 0.7, 'Car', '2025-10-17 12:42:05', 6),
(1093, 2, 1, 2, 0.7, 'Car', '2025-10-17 12:42:07', 6),
(1094, 2, 1, 2, 0.7, 'Car', '2025-10-17 12:42:09', 6),
(1095, 2, 1, 2, 0.7, 'Car', '2025-10-17 12:42:11', 6),
(1096, 2, 1, 2, 0.7, 'Car', '2025-10-17 12:42:13', 6),
(1097, 2, 1, 2, 0.7, 'Car', '2025-10-17 12:42:15', 6),
(1098, 2, 1, 2, 0.7, 'Car', '2025-10-17 12:42:16', 6),
(1099, 2, 1, 2, 0.7, 'Car', '2025-10-17 12:42:18', 6),
(1100, 2, 1, 2, 0.7, 'Car', '2025-10-17 12:42:20', 6),
(1101, 2, 1, 2, 0.7, 'Car', '2025-10-17 12:42:22', 6),
(1102, 2, 1, 2, 0.7, 'Car', '2025-10-17 12:42:24', 6),
(1103, 2, 1, 2, 0.7, 'Car', '2025-10-17 12:42:26', 6),
(1104, 2, 1, 2, 0.7, 'Car', '2025-10-17 12:42:27', 6),
(1105, 2, 1, 2, 0.7, 'Car', '2025-10-17 12:42:29', 6),
(1106, 2, 1, 2, 0.7, 'Car', '2025-10-17 12:42:31', 6),
(1107, 2, 1, 2, 0.7, 'Car', '2025-10-17 12:42:33', 6),
(1108, 2, 1, 2, 0.7, 'Car', '2025-10-17 12:42:35', 6),
(1109, 2, 1, 2, 0.7, 'Car', '2025-10-17 12:42:37', 6),
(1110, 2, 1, 2, 0.7, 'Car', '2025-10-17 12:42:38', 6),
(1111, 2, 1, 2, 0.7, 'Car', '2025-10-17 12:42:40', 6),
(1112, 2, 1, 2, 0.7, 'Car', '2025-10-17 12:53:17', 6),
(1113, 2, 1, 5, 0.85, 'Truck', '2025-10-17 12:53:19', 3),
(1114, 2, 1, 5, 0.9, 'Truck', '2025-10-17 12:53:21', 2),
(1115, 2, 1, 5, 0.9, 'Truck', '2025-10-17 12:53:23', 2),
(1116, 2, 1, 5, 0.9, 'Truck', '2025-10-17 12:53:25', 2),
(1117, 2, 1, 5, 0.9, 'Truck', '2025-10-17 12:53:27', 2),
(1118, 2, 1, 5, 0.9, 'Truck', '2025-10-17 12:53:29', 2),
(1119, 2, 1, 5, 0.9, 'Truck', '2025-10-17 12:53:30', 2),
(1120, 2, 1, 5, 0.9, 'Truck', '2025-10-17 12:53:32', 2),
(1121, 2, 1, 5, 0.9, 'Truck', '2025-10-17 12:53:34', 2),
(1122, 2, 1, 5, 0.9, 'Truck', '2025-10-17 12:53:36', 2),
(1123, 2, 1, 5, 0.9, 'Truck', '2025-10-17 12:53:38', 2),
(1124, 2, 1, 5, 0.9, 'Truck', '2025-10-17 12:53:40', 2),
(1125, 2, 1, 5, 0.9, 'Truck', '2025-10-17 12:53:41', 2),
(1126, 2, 1, 5, 0.9, 'Truck', '2025-10-17 12:53:43', 2),
(1127, 2, 1, 5, 0.9, 'Truck', '2025-10-17 12:53:45', 2),
(1128, 2, 1, 5, 0.9, 'Truck', '2025-10-17 12:53:47', 2),
(1129, 2, 1, 5, 0.9, 'Truck', '2025-10-17 12:53:49', 2),
(1130, 2, 1, 5, 0.9, 'Truck', '2025-10-17 12:53:51', 2),
(1131, 2, 1, 5, 0.9, 'Truck', '2025-10-17 12:53:52', 2),
(1132, 2, 1, 5, 0.9, 'Truck', '2025-10-17 12:53:54', 2),
(1133, 2, 1, 5, 0.9, 'Truck', '2025-10-17 12:53:56', 2),
(1134, 2, 1, 5, 0.9, 'Truck', '2025-10-17 12:53:58', 2),
(1135, 2, 1, 5, 0.9, 'Truck', '2025-10-17 12:54:00', 2),
(1136, 2, 1, 5, 0.9, 'Truck', '2025-10-17 12:54:02', 2),
(1137, 2, 1, 5, 0.9, 'Truck', '2025-10-17 12:54:03', 2),
(1138, 2, 1, 5, 0.9, 'Truck', '2025-10-17 12:54:05', 2),
(1139, 2, 1, 5, 0.9, 'Truck', '2025-10-17 12:54:07', 2),
(1140, 2, 1, 5, 0.9, 'Truck', '2025-10-17 12:54:09', 2),
(1141, 2, 1, 5, 0.9, 'Truck', '2025-10-17 12:54:11', 2),
(1142, 2, 1, 5, 0.9, 'Truck', '2025-10-17 12:54:13', 2),
(1143, 2, 1, 5, 0.9, 'Truck', '2025-10-17 12:54:14', 2),
(1144, 2, 1, 5, 0.9, 'Truck', '2025-10-17 12:54:16', 2),
(1145, 2, 1, 5, 0.9, 'Truck', '2025-10-17 12:54:18', 2),
(1146, 2, 1, 5, 0.9, 'Truck', '2025-10-17 12:54:20', 2),
(1147, 2, 1, 5, 0.9, 'Truck', '2025-10-17 12:54:22', 2),
(1148, 2, 1, 5, 0.9, 'Truck', '2025-10-17 12:54:24', 2),
(1149, 2, 1, 5, 0.9, 'Truck', '2025-10-17 12:54:25', 2),
(1150, 2, 1, 5, 0.9, 'Truck', '2025-10-17 12:54:27', 2),
(1151, 2, 1, 5, 0.9, 'Truck', '2025-10-17 12:54:29', 2),
(1152, 2, 1, 5, 0.9, 'Truck', '2025-10-17 12:54:31', 2),
(1153, 2, 1, 5, 0.9, 'Truck', '2025-10-17 12:54:33', 2),
(1154, 2, 1, 5, 0.9, 'Truck', '2025-10-17 12:54:35', 2),
(1155, 2, 1, 5, 0.9, 'Truck', '2025-10-17 12:54:36', 2),
(1156, 2, 1, 5, 0.9, 'Truck', '2025-10-17 12:54:38', 2),
(1157, 2, 1, 5, 0.9, 'Truck', '2025-10-17 12:54:40', 2),
(1158, 2, 1, 5, 0.9, 'Truck', '2025-10-17 12:54:42', 2),
(1159, 2, 1, 5, 0.9, 'Truck', '2025-10-17 12:54:44', 2),
(1160, 2, 1, 5, 0.9, 'Truck', '2025-10-17 12:54:46', 2),
(1161, 2, 1, 5, 0.9, 'Truck', '2025-10-17 12:54:47', 2),
(1162, 2, 1, 5, 0.9, 'Truck', '2025-10-17 12:54:49', 2),
(1163, 2, 1, 5, 0.9, 'Truck', '2025-10-17 12:54:51', 2),
(1164, 2, 1, 5, 0.9, 'Truck', '2025-10-17 12:54:53', 2),
(1165, 2, 1, 5, 0.9, 'Truck', '2025-10-17 12:54:55', 2),
(1166, 2, 1, 5, 0.9, 'Truck', '2025-10-17 12:54:57', 2),
(1167, 2, 1, 5, 0.9, 'Truck', '2025-10-17 12:54:58', 2),
(1168, 2, 1, 5, 0.9, 'Truck', '2025-10-17 12:55:00', 2),
(1169, 2, 1, 5, 0.9, 'Truck', '2025-10-17 12:55:02', 2),
(1170, 2, 1, 5, 0.9, 'Truck', '2025-10-17 12:55:04', 2),
(1171, 2, 1, 5, 0.9, 'Truck', '2025-10-17 12:55:06', 2),
(1172, 2, 1, 5, 0.9, 'Truck', '2025-10-17 12:55:08', 2),
(1173, 2, 1, 5, 0.9, 'Truck', '2025-10-17 12:55:09', 2),
(1174, 2, 1, 5, 0.9, 'Truck', '2025-10-17 12:55:11', 2),
(1175, 2, 1, 5, 0.9, 'Truck', '2025-10-17 12:55:13', 2),
(1176, 2, 1, 5, 0.9, 'Truck', '2025-10-17 12:55:15', 2),
(1177, 2, 1, 5, 0.9, 'Truck', '2025-10-17 12:55:17', 2),
(1178, 2, 1, 5, 0.9, 'Truck', '2025-10-17 12:55:19', 2),
(1179, 2, 1, 5, 0.9, 'Truck', '2025-10-17 12:55:21', 2),
(1180, 2, 1, 5, 0.9, 'Truck', '2025-10-17 12:55:23', 2),
(1181, 2, 1, 5, 0.9, 'Truck', '2025-10-17 12:55:24', 2),
(1182, 2, 1, 5, 0.9, 'Truck', '2025-10-17 12:55:26', 2),
(1183, 2, 1, 5, 0.9, 'Truck', '2025-10-17 12:55:28', 2),
(1184, 2, 1, 5, 0.9, 'Truck', '2025-10-17 12:55:30', 2),
(1185, 2, 1, 5, 0.9, 'Truck', '2025-10-17 12:55:32', 2),
(1186, 2, 1, 5, 0.9, 'Truck', '2025-10-17 12:55:34', 2),
(1187, 2, 1, 5, 0.9, 'Truck', '2025-10-17 12:55:35', 2),
(1188, 2, 1, 5, 0.9, 'Truck', '2025-10-17 12:55:37', 2),
(1189, 2, 1, 5, 0.9, 'Truck', '2025-10-17 12:55:39', 2),
(1190, 2, 1, 5, 0.9, 'Truck', '2025-10-17 12:55:41', 2),
(1191, 2, 1, 5, 0.9, 'Truck', '2025-10-17 12:55:43', 2),
(1192, 2, 1, 5, 0.9, 'Truck', '2025-10-17 12:55:45', 2),
(1193, 2, 1, 5, 0.9, 'Truck', '2025-10-17 12:55:46', 2),
(1194, 2, 1, 5, 0.9, 'Truck', '2025-10-17 12:55:48', 2),
(1195, 2, 1, 5, 0.9, 'Truck', '2025-10-17 12:55:50', 2),
(1196, 2, 1, 5, 0.9, 'Truck', '2025-10-17 12:55:52', 2),
(1197, 2, 1, 5, 0.9, 'Truck', '2025-10-17 12:55:54', 2),
(1198, 2, 1, 5, 0.9, 'Truck', '2025-10-17 12:55:56', 2),
(1199, 2, 1, 5, 0.9, 'Truck', '2025-10-17 12:55:57', 2),
(1200, 2, 1, 5, 0.9, 'Truck', '2025-10-17 12:55:59', 2),
(1201, 2, 1, 5, 0.9, 'Truck', '2025-10-17 12:56:01', 2),
(1202, 2, 1, 5, 0.9, 'Truck', '2025-10-17 12:56:03', 2),
(1203, 2, 1, 5, 0.9, 'Truck', '2025-10-17 12:56:05', 2),
(1204, 2, 1, 5, 0.9, 'Truck', '2025-10-17 12:56:07', 2),
(1205, 2, 1, 5, 0.9, 'Truck', '2025-10-17 12:56:08', 2),
(1206, 2, 1, 5, 0.9, 'Truck', '2025-10-17 12:56:10', 2),
(1207, 2, 1, 5, 0.9, 'Truck', '2025-10-17 12:56:12', 2),
(1208, 2, 1, 5, 0.9, 'Truck', '2025-10-17 12:56:14', 2),
(1209, 2, 1, 5, 0.9, 'Truck', '2025-10-17 12:56:16', 2),
(1210, 2, 1, 5, 0.9, 'Truck', '2025-10-17 12:56:18', 2),
(1211, 2, 1, 5, 0.9, 'Truck', '2025-10-17 12:56:19', 2),
(1212, 2, 1, 5, 0.9, 'Truck', '2025-10-17 12:56:21', 2),
(1213, 2, 1, 5, 0.9, 'Truck', '2025-10-17 12:56:23', 2),
(1214, 2, 1, 5, 0.9, 'Truck', '2025-10-17 12:56:25', 2),
(1215, 2, 1, 5, 0.9, 'Truck', '2025-10-17 12:56:27', 2),
(1216, 2, 1, 5, 0.9, 'Truck', '2025-10-17 12:56:29', 2),
(1217, 2, 1, 5, 0.9, 'Truck', '2025-10-17 12:56:30', 2),
(1218, 2, 1, 5, 0.9, 'Truck', '2025-10-17 12:56:32', 2),
(1219, 2, 1, 5, 0.9, 'Truck', '2025-10-17 12:56:34', 2),
(1220, 2, 1, 5, 0.9, 'Truck', '2025-10-17 12:56:36', 2),
(1221, 2, 1, 5, 0.9, 'Truck', '2025-10-17 12:56:38', 2),
(1222, 2, 1, 5, 0.9, 'Truck', '2025-10-17 12:56:40', 2),
(1223, 2, 1, 5, 0.9, 'Truck', '2025-10-17 12:56:41', 2),
(1224, 2, 1, 5, 0.9, 'Truck', '2025-10-17 12:56:43', 2),
(1225, 2, 1, 5, 0.9, 'Truck', '2025-10-17 12:56:45', 2),
(1226, 2, 1, 5, 0.9, 'Truck', '2025-10-17 12:56:47', 2),
(1227, 2, 1, 5, 0.9, 'Truck', '2025-10-17 12:56:49', 2),
(1228, 2, 1, 5, 0.9, 'Truck', '2025-10-17 12:56:51', 2),
(1229, 2, 1, 5, 0.9, 'Truck', '2025-10-17 12:56:52', 2),
(1230, 2, 1, 5, 0.9, 'Truck', '2025-10-17 12:56:54', 2),
(1231, 2, 1, 5, 0.9, 'Truck', '2025-10-17 12:56:56', 2),
(1232, 2, 1, 5, 0.9, 'Truck', '2025-10-17 12:56:58', 2),
(1233, 2, 1, 5, 0.9, 'Truck', '2025-10-17 12:57:00', 2),
(1234, 2, 1, 5, 0.9, 'Truck', '2025-10-17 12:57:02', 2),
(1235, 2, 1, 5, 0.9, 'Truck', '2025-10-17 12:57:03', 2),
(1236, 2, 1, 5, 0.9, 'Truck', '2025-10-17 12:57:05', 2),
(1237, 2, 1, 5, 0.9, 'Truck', '2025-10-17 12:57:07', 2),
(1238, 2, 1, 5, 0.9, 'Truck', '2025-10-17 12:57:09', 2),
(1239, 2, 1, 5, 0.9, 'Truck', '2025-10-17 12:57:11', 2),
(1240, 2, 1, 5, 0.9, 'Truck', '2025-10-17 12:57:13', 2),
(1241, 2, 1, 5, 0.9, 'Truck', '2025-10-17 12:57:15', 2),
(1242, 2, 1, 5, 0.9, 'Truck', '2025-10-17 12:57:17', 2),
(1243, 2, 1, 5, 0.9, 'Truck', '2025-10-17 12:57:18', 2),
(1244, 2, 1, 5, 0.9, 'Truck', '2025-10-17 12:57:20', 2),
(1245, 2, 1, 5, 0.9, 'Truck', '2025-10-17 12:57:22', 2),
(1246, 2, 1, 5, 0.9, 'Truck', '2025-10-17 12:57:24', 2),
(1247, 2, 1, 5, 0.9, 'Truck', '2025-10-17 12:57:26', 2),
(1248, 2, 1, 5, 0.9, 'Truck', '2025-10-17 12:57:27', 2),
(1249, 2, 1, 5, 0.9, 'Truck', '2025-10-17 12:57:29', 2),
(1250, 2, 1, 5, 0.9, 'Truck', '2025-10-17 12:57:31', 2),
(1251, 2, 1, 5, 0.9, 'Truck', '2025-10-17 12:57:33', 2),
(1252, 2, 1, 5, 0.9, 'Truck', '2025-10-17 12:57:35', 2),
(1253, 2, 1, 5, 0.9, 'Truck', '2025-10-17 12:57:37', 2),
(1254, 2, 1, 5, 0.9, 'Truck', '2025-10-17 12:57:39', 2),
(1255, 2, 1, 5, 0.9, 'Truck', '2025-10-17 12:57:40', 2),
(1256, 2, 1, 5, 0.9, 'Truck', '2025-10-17 12:57:42', 2),
(1257, 2, 1, 5, 0.9, 'Truck', '2025-10-17 12:57:44', 2),
(1258, 2, 1, 5, 0.9, 'Truck', '2025-10-17 12:57:46', 2),
(1259, 2, 1, 5, 0.9, 'Truck', '2025-10-17 12:57:48', 2),
(1260, 2, 1, 5, 0.9, 'Truck', '2025-10-17 12:57:50', 2),
(1261, 2, 1, 5, 0.9, 'Truck', '2025-10-17 12:57:51', 2),
(1262, 2, 1, 5, 0.9, 'Truck', '2025-10-17 12:57:53', 2),
(1263, 2, 1, 5, 0.9, 'Truck', '2025-10-17 12:57:55', 2),
(1264, 2, 1, 5, 0.9, 'Truck', '2025-10-17 12:57:57', 2),
(1265, 2, 1, 5, 0.9, 'Truck', '2025-10-17 12:57:59', 2),
(1266, 2, 1, 5, 0.9, 'Truck', '2025-10-17 12:58:01', 2),
(1267, 2, 1, 5, 0.9, 'Truck', '2025-10-17 12:58:02', 2),
(1268, 2, 1, 5, 0.9, 'Truck', '2025-10-17 12:58:04', 2),
(1269, 2, 1, 5, 0.9, 'Truck', '2025-10-17 12:58:06', 2),
(1270, 2, 1, 5, 0.9, 'Truck', '2025-10-17 12:58:08', 2),
(1271, 2, 1, 5, 0.9, 'Truck', '2025-10-17 12:58:10', 2),
(1272, 2, 1, 5, 0.9, 'Truck', '2025-10-17 12:58:12', 2),
(1273, 2, 1, 5, 0.9, 'Truck', '2025-10-17 12:58:14', 2),
(1274, 2, 1, 5, 0.9, 'Truck', '2025-10-17 12:58:15', 2),
(1275, 2, 1, 5, 0.9, 'Truck', '2025-10-17 12:58:17', 2),
(1276, 2, 1, 5, 0.9, 'Truck', '2025-10-17 12:58:19', 2),
(1277, 2, 1, 5, 0.9, 'Truck', '2025-10-17 12:58:21', 2),
(1278, 2, 1, 5, 0.9, 'Truck', '2025-10-17 12:58:23', 2),
(1279, 2, 1, 5, 0.9, 'Truck', '2025-10-17 12:58:25', 2),
(1280, 2, 1, 5, 0.9, 'Truck', '2025-10-17 12:58:26', 2),
(1281, 2, 1, 5, 0.9, 'Truck', '2025-10-17 12:58:28', 2),
(1282, 2, 1, 5, 0.9, 'Truck', '2025-10-17 12:58:30', 2),
(1283, 2, 1, 5, 0.9, 'Truck', '2025-10-17 12:58:32', 2),
(1284, 2, 1, 5, 0.9, 'Truck', '2025-10-17 12:58:34', 2),
(1285, 2, 1, 5, 0.9, 'Truck', '2025-10-17 12:58:36', 2),
(1286, 2, 1, 5, 0.9, 'Truck', '2025-10-17 12:58:37', 2),
(1287, 2, 1, 5, 0.9, 'Truck', '2025-10-17 12:58:39', 2),
(1288, 2, 1, 5, 0.9, 'Truck', '2025-10-17 12:58:41', 2),
(1289, 2, 1, 5, 0.9, 'Truck', '2025-10-17 12:58:43', 2),
(1290, 2, 1, 5, 0.9, 'Truck', '2025-10-17 12:58:45', 2),
(1291, 2, 1, 5, 0.9, 'Truck', '2025-10-17 12:58:47', 2),
(1292, 2, 1, 5, 0.9, 'Truck', '2025-10-17 12:58:49', 2),
(1293, 2, 1, 5, 0.9, 'Truck', '2025-10-17 12:58:51', 2),
(1294, 2, 1, 5, 0.9, 'Truck', '2025-10-17 12:58:52', 2),
(1295, 2, 1, 5, 0.9, 'Truck', '2025-10-17 12:58:54', 2),
(1296, 2, 1, 5, 0.9, 'Truck', '2025-10-17 12:58:56', 2),
(1297, 2, 1, 5, 0.9, 'Truck', '2025-10-17 12:58:58', 2),
(1298, 2, 1, 5, 0.9, 'Truck', '2025-10-17 12:59:00', 2),
(1299, 2, 1, 5, 0.9, 'Truck', '2025-10-17 12:59:02', 2),
(1300, 2, 1, 5, 0.9, 'Truck', '2025-10-17 12:59:03', 2),
(1301, 2, 1, 5, 0.9, 'Truck', '2025-10-17 12:59:05', 2),
(1302, 2, 1, 5, 0.9, 'Truck', '2025-10-17 12:59:07', 2),
(1303, 2, 1, 5, 0.9, 'Truck', '2025-10-17 12:59:09', 2),
(1304, 2, 1, 5, 0.9, 'Truck', '2025-10-17 12:59:11', 2),
(1305, 2, 1, 5, 0.9, 'Truck', '2025-10-17 12:59:12', 2),
(1306, 2, 1, 5, 0.9, 'Truck', '2025-10-17 12:59:14', 2),
(1307, 2, 1, 5, 0.9, 'Truck', '2025-10-17 12:59:16', 2),
(1308, 2, 1, 5, 0.9, 'Truck', '2025-10-17 12:59:18', 2),
(1309, 2, 1, 5, 0.9, 'Truck', '2025-10-17 12:59:20', 2),
(1310, 2, 1, 5, 0.9, 'Truck', '2025-10-17 12:59:22', 2),
(1311, 2, 1, 5, 0.9, 'Truck', '2025-10-17 12:59:24', 2),
(1312, 2, 1, 5, 0.9, 'Truck', '2025-10-17 12:59:26', 2),
(1313, 2, 1, 5, 0.9, 'Truck', '2025-10-17 12:59:27', 2),
(1314, 2, 1, 5, 0.9, 'Truck', '2025-10-17 12:59:29', 2),
(1315, 2, 1, 5, 0.9, 'Truck', '2025-10-17 12:59:31', 2),
(1316, 2, 1, 5, 0.9, 'Truck', '2025-10-17 12:59:33', 2),
(1317, 2, 1, 5, 0.9, 'Truck', '2025-10-17 12:59:35', 2),
(1318, 2, 1, 5, 0.9, 'Truck', '2025-10-17 12:59:36', 2),
(1319, 2, 1, 5, 0.9, 'Truck', '2025-10-17 12:59:38', 2),
(1320, 2, 1, 5, 0.9, 'Truck', '2025-10-17 12:59:40', 2),
(1321, 2, 1, 5, 0.9, 'Truck', '2025-10-17 12:59:42', 2),
(1322, 2, 1, 5, 0.9, 'Truck', '2025-10-17 12:59:44', 2),
(1323, 2, 1, 5, 0.9, 'Truck', '2025-10-17 12:59:46', 2),
(1324, 2, 1, 5, 0.9, 'Truck', '2025-10-17 12:59:48', 2),
(1325, 2, 1, 5, 0.9, 'Truck', '2025-10-17 12:59:49', 2),
(1326, 2, 1, 5, 0.9, 'Truck', '2025-10-17 12:59:51', 2),
(1327, 2, 1, 5, 0.9, 'Truck', '2025-10-17 12:59:53', 2),
(1328, 2, 1, 5, 0.9, 'Truck', '2025-10-17 12:59:55', 2),
(1329, 2, 1, 5, 0.9, 'Truck', '2025-10-17 12:59:57', 2),
(1330, 2, 1, 5, 0.9, 'Truck', '2025-10-17 12:59:58', 2),
(1331, 2, 1, 5, 0.9, 'Truck', '2025-10-17 13:00:00', 2),
(1332, 2, 1, 5, 0.9, 'Truck', '2025-10-17 13:00:02', 2),
(1333, 2, 1, 5, 0.9, 'Truck', '2025-10-17 13:00:04', 2),
(1334, 2, 1, 5, 0.9, 'Truck', '2025-10-17 13:00:06', 2),
(1335, 2, 1, 5, 0.9, 'Truck', '2025-10-17 13:00:08', 2),
(1336, 2, 1, 5, 0.9, 'Truck', '2025-10-17 13:00:09', 2),
(1337, 2, 1, 5, 0.9, 'Truck', '2025-10-17 13:00:11', 2),
(1338, 2, 1, 5, 0.9, 'Truck', '2025-10-17 13:00:13', 2),
(1339, 2, 1, 5, 0.9, 'Truck', '2025-10-17 13:00:15', 2),
(1340, 2, 1, 5, 0.9, 'Truck', '2025-10-17 13:00:17', 2),
(1341, 2, 1, 5, 0.9, 'Truck', '2025-10-17 13:00:19', 2),
(1342, 2, 1, 5, 0.9, 'Truck', '2025-10-17 13:00:20', 2),
(1343, 2, 1, 5, 0.9, 'Truck', '2025-10-17 13:00:22', 2),
(1344, 2, 1, 5, 0.9, 'Truck', '2025-10-17 13:00:24', 2),
(1345, 2, 1, 5, 0.9, 'Truck', '2025-10-17 13:00:26', 2),
(1346, 2, 1, 5, 0.9, 'Truck', '2025-10-17 13:00:28', 2),
(1347, 2, 1, 5, 0.9, 'Truck', '2025-10-17 13:00:30', 2),
(1348, 2, 1, 5, 0.9, 'Truck', '2025-10-17 13:00:32', 2),
(1349, 2, 1, 5, 0.9, 'Truck', '2025-10-17 13:00:33', 2),
(1350, 2, 1, 5, 0.9, 'Truck', '2025-10-17 13:00:35', 2),
(1351, 2, 1, 5, 0.9, 'Truck', '2025-10-17 13:00:37', 2),
(1352, 2, 1, 5, 0.9, 'Truck', '2025-10-17 13:00:39', 2),
(1353, 2, 1, 5, 0.9, 'Truck', '2025-10-17 13:00:41', 2),
(1354, 2, 1, 5, 0.9, 'Truck', '2025-10-17 13:00:42', 2),
(1355, 2, 1, 5, 0.9, 'Truck', '2025-10-17 13:00:44', 2),
(1356, 2, 1, 5, 0.9, 'Truck', '2025-10-17 13:00:46', 2),
(1357, 2, 1, 5, 0.9, 'Truck', '2025-10-17 13:00:48', 2),
(1358, 2, 1, 5, 0.9, 'Truck', '2025-10-17 13:00:50', 2),
(1359, 2, 1, 5, 0.9, 'Truck', '2025-10-17 13:00:52', 2),
(1360, 2, 1, 5, 0.9, 'Truck', '2025-10-17 13:00:54', 2),
(1361, 2, 1, 5, 0.9, 'Truck', '2025-10-17 13:00:55', 2),
(1362, 2, 1, 5, 0.9, 'Truck', '2025-10-17 13:00:57', 2),
(1363, 2, 1, 5, 0.9, 'Truck', '2025-10-17 13:00:59', 2),
(1364, 2, 1, 5, 0.9, 'Truck', '2025-10-17 13:01:01', 2),
(1365, 2, 1, 5, 0.9, 'Truck', '2025-10-17 13:01:03', 2),
(1366, 2, 1, 5, 0.9, 'Truck', '2025-10-17 13:01:05', 2),
(1367, 2, 1, 5, 0.9, 'Truck', '2025-10-17 13:01:06', 2),
(1368, 2, 1, 5, 0.9, 'Truck', '2025-10-17 13:01:08', 2),
(1369, 2, 1, 5, 0.9, 'Truck', '2025-10-17 13:01:10', 2),
(1370, 2, 1, 5, 0.9, 'Truck', '2025-10-17 13:01:12', 2),
(1371, 2, 1, 5, 0.9, 'Truck', '2025-10-17 13:01:14', 2),
(1372, 2, 1, 5, 0.9, 'Truck', '2025-10-17 13:01:16', 2),
(1373, 2, 1, 5, 0.9, 'Truck', '2025-10-17 13:01:17', 2),
(1374, 2, 1, 5, 0.9, 'Truck', '2025-10-17 13:01:19', 2),
(1375, 2, 1, 5, 0.9, 'Truck', '2025-10-17 13:01:21', 2),
(1376, 2, 1, 5, 0.9, 'Truck', '2025-10-17 13:01:23', 2),
(1377, 2, 1, 5, 0.9, 'Truck', '2025-10-17 13:01:25', 2),
(1378, 2, 1, 5, 0.9, 'Truck', '2025-10-17 13:01:27', 2),
(1379, 2, 1, 5, 0.9, 'Truck', '2025-10-17 13:01:28', 2),
(1380, 2, 1, 5, 0.9, 'Truck', '2025-10-17 13:01:30', 2),
(1381, 2, 1, 5, 0.9, 'Truck', '2025-10-17 13:01:32', 2),
(1382, 2, 1, 5, 0.9, 'Truck', '2025-10-17 13:01:34', 2),
(1383, 2, 1, 5, 0.9, 'Truck', '2025-10-17 13:01:36', 2),
(1384, 2, 1, 5, 0.9, 'Truck', '2025-10-17 13:01:38', 2),
(1385, 2, 1, 5, 0.9, 'Truck', '2025-10-17 13:01:40', 2),
(1386, 2, 1, 5, 0.9, 'Truck', '2025-10-17 13:01:41', 2),
(1387, 2, 1, 5, 0.9, 'Truck', '2025-10-17 13:01:43', 2),
(1388, 2, 1, 5, 0.9, 'Truck', '2025-10-17 13:01:45', 2),
(1389, 2, 1, 5, 0.9, 'Truck', '2025-10-17 13:01:47', 2),
(1390, 2, 1, 5, 0.9, 'Truck', '2025-10-17 13:01:49', 2),
(1391, 2, 1, 5, 0.9, 'Truck', '2025-10-17 13:01:50', 2),
(1392, 2, 1, 5, 0.9, 'Truck', '2025-10-17 13:01:52', 2),
(1393, 2, 1, 5, 0.9, 'Truck', '2025-10-17 13:01:54', 2),
(1394, 2, 1, 5, 0.9, 'Truck', '2025-10-17 13:01:56', 2),
(1395, 2, 1, 5, 0.9, 'Truck', '2025-10-17 13:01:58', 2),
(1396, 2, 1, 5, 0.9, 'Truck', '2025-10-17 13:02:00', 2),
(1397, 2, 1, 5, 0.9, 'Truck', '2025-10-17 13:02:02', 2),
(1398, 2, 1, 5, 0.9, 'Truck', '2025-10-17 13:02:03', 2),
(1399, 2, 1, 5, 0.9, 'Truck', '2025-10-17 13:02:05', 2),
(1400, 2, 1, 5, 0.9, 'Truck', '2025-10-17 13:02:07', 2),
(1401, 2, 1, 5, 0.9, 'Truck', '2025-10-17 13:02:09', 2),
(1402, 2, 1, 5, 0.9, 'Truck', '2025-10-17 13:02:11', 2),
(1403, 2, 1, 5, 0.9, 'Truck', '2025-10-17 13:02:12', 2),
(1404, 2, 1, 5, 0.9, 'Truck', '2025-10-17 13:02:14', 2),
(1405, 2, 1, 5, 0.9, 'Truck', '2025-10-17 13:02:16', 2),
(1406, 2, 1, 5, 0.9, 'Truck', '2025-10-17 13:02:18', 2),
(1407, 2, 1, 5, 0.9, 'Truck', '2025-10-17 13:02:20', 2),
(1408, 2, 1, 5, 0.9, 'Truck', '2025-10-17 13:02:22', 2),
(1409, 2, 1, 5, 0.9, 'Truck', '2025-10-17 13:02:24', 2),
(1410, 2, 1, 5, 0.9, 'Truck', '2025-10-17 13:02:26', 2),
(1411, 2, 1, 5, 0.9, 'Truck', '2025-10-17 13:02:27', 2),
(1412, 2, 1, 5, 0.9, 'Truck', '2025-10-17 13:02:29', 2),
(1413, 2, 1, 5, 0.9, 'Truck', '2025-10-17 13:02:31', 2),
(1414, 2, 1, 5, 0.9, 'Truck', '2025-10-17 13:02:33', 2),
(1415, 2, 1, 5, 0.9, 'Truck', '2025-10-17 13:02:35', 2),
(1416, 2, 1, 5, 0.9, 'Truck', '2025-10-17 13:02:37', 2),
(1417, 2, 1, 5, 0.9, 'Truck', '2025-10-17 13:02:38', 2),
(1418, 2, 1, 5, 0.9, 'Truck', '2025-10-17 13:02:40', 2),
(1419, 2, 1, 5, 0.9, 'Truck', '2025-10-17 13:02:42', 2),
(1420, 2, 1, 5, 0.9, 'Truck', '2025-10-17 13:02:44', 2),
(1421, 2, 1, 5, 0.9, 'Truck', '2025-10-17 13:02:46', 2),
(1422, 2, 1, 5, 0.9, 'Truck', '2025-10-17 13:02:48', 2),
(1423, 2, 1, 5, 0.9, 'Truck', '2025-10-17 13:02:50', 2),
(1424, 2, 1, 5, 0.9, 'Truck', '2025-10-17 13:02:51', 2),
(1425, 2, 1, 5, 0.9, 'Truck', '2025-10-17 13:02:53', 2),
(1426, 2, 1, 5, 0.9, 'Truck', '2025-10-17 13:02:55', 2),
(1427, 2, 1, 5, 0.9, 'Truck', '2025-10-17 13:02:57', 2),
(1428, 2, 1, 5, 0.9, 'Truck', '2025-10-17 13:02:59', 2),
(1429, 2, 1, 5, 0.9, 'Truck', '2025-10-17 13:03:01', 2),
(1430, 2, 1, 5, 0.9, 'Truck', '2025-10-17 13:03:02', 2),
(1431, 2, 1, 5, 0.9, 'Truck', '2025-10-17 13:03:04', 2),
(1432, 2, 1, 5, 0.9, 'Truck', '2025-10-17 13:03:06', 2),
(1433, 2, 1, 5, 0.9, 'Truck', '2025-10-17 13:03:08', 2),
(1434, 2, 1, 5, 0.9, 'Truck', '2025-10-17 13:03:10', 2),
(1435, 2, 1, 5, 0.9, 'Truck', '2025-10-17 13:03:12', 2),
(1436, 2, 1, 5, 0.9, 'Truck', '2025-10-17 13:03:13', 2),
(1437, 2, 1, 5, 0.9, 'Truck', '2025-10-17 13:03:15', 2),
(1438, 2, 1, 5, 0.9, 'Truck', '2025-10-17 13:03:17', 2),
(1439, 2, 1, 5, 0.9, 'Truck', '2025-10-17 13:03:19', 2),
(1440, 2, 1, 5, 0.9, 'Truck', '2025-10-17 13:03:21', 2),
(1441, 2, 1, 5, 0.9, 'Truck', '2025-10-17 13:03:23', 2),
(1442, 2, 1, 5, 0.9, 'Truck', '2025-10-17 13:03:24', 2),
(1443, 2, 1, 5, 0.9, 'Truck', '2025-10-17 13:03:26', 2),
(1444, 2, 1, 5, 0.9, 'Truck', '2025-10-17 13:03:28', 2),
(1445, 2, 1, 5, 0.9, 'Truck', '2025-10-17 13:03:30', 2),
(1446, 2, 1, 5, 0.9, 'Truck', '2025-10-17 13:03:32', 2),
(1447, 2, 1, 5, 0.9, 'Truck', '2025-10-17 13:03:34', 2),
(1448, 2, 1, 5, 0.9, 'Truck', '2025-10-17 13:03:36', 2),
(1449, 2, 1, 5, 0.9, 'Truck', '2025-10-17 13:03:37', 2),
(1450, 2, 1, 5, 0.9, 'Truck', '2025-10-17 13:03:39', 2),
(1451, 2, 1, 5, 0.9, 'Truck', '2025-10-17 13:03:41', 2),
(1452, 2, 1, 5, 0.9, 'Truck', '2025-10-17 13:03:43', 2),
(1453, 2, 1, 5, 0.9, 'Truck', '2025-10-17 13:03:45', 2),
(1454, 2, 1, 5, 0.9, 'Truck', '2025-10-17 13:03:47', 2),
(1455, 2, 1, 5, 0.9, 'Truck', '2025-10-17 13:03:48', 2),
(1456, 2, 1, 5, 0.9, 'Truck', '2025-10-17 13:03:50', 2),
(1457, 2, 1, 5, 0.9, 'Truck', '2025-10-17 13:03:52', 2),
(1458, 2, 1, 5, 0.9, 'Truck', '2025-10-17 13:03:54', 2),
(1459, 2, 1, 5, 0.9, 'Truck', '2025-10-17 13:03:56', 2),
(1460, 2, 1, 5, 0.9, 'Truck', '2025-10-17 13:03:58', 2),
(1461, 2, 1, 5, 0.9, 'Truck', '2025-10-17 13:03:59', 2),
(1462, 2, 1, 5, 0.9, 'Truck', '2025-10-17 13:04:01', 2),
(1463, 2, 1, 5, 0.9, 'Truck', '2025-10-17 13:04:03', 2),
(1464, 2, 1, 5, 0.9, 'Truck', '2025-10-17 13:04:05', 2),
(1465, 2, 1, 5, 0.9, 'Truck', '2025-10-17 13:04:07', 2),
(1466, 2, 1, 5, 0.9, 'Truck', '2025-10-17 13:04:09', 2),
(1467, 2, 1, 5, 0.9, 'Truck', '2025-10-17 13:04:10', 2),
(1468, 2, 1, 5, 0.9, 'Truck', '2025-10-17 13:04:12', 2),
(1469, 2, 1, 5, 0.9, 'Truck', '2025-10-17 13:04:14', 2),
(1470, 2, 1, 5, 0.9, 'Truck', '2025-10-17 13:04:16', 2),
(1471, 2, 1, 5, 0.9, 'Truck', '2025-10-17 13:04:18', 2),
(1472, 2, 1, 5, 0.9, 'Truck', '2025-10-17 13:04:20', 2),
(1473, 2, 1, 5, 0.9, 'Truck', '2025-10-17 13:04:21', 2),
(1474, 2, 1, 5, 0.9, 'Truck', '2025-10-17 13:04:23', 2),
(1475, 2, 1, 5, 0.9, 'Truck', '2025-10-17 13:04:25', 2),
(1476, 2, 1, 5, 0.9, 'Truck', '2025-10-17 13:04:27', 2),
(1477, 2, 1, 5, 0.9, 'Truck', '2025-10-17 13:04:29', 2),
(1478, 2, 1, 5, 0.9, 'Truck', '2025-10-17 13:04:31', 2),
(1479, 2, 1, 5, 0.9, 'Truck', '2025-10-17 13:04:32', 2),
(1480, 2, 1, 5, 0.9, 'Truck', '2025-10-17 13:04:34', 2),
(1481, 2, 1, 5, 0.9, 'Truck', '2025-10-17 13:04:36', 2),
(1482, 2, 1, 5, 0.9, 'Truck', '2025-10-17 13:04:38', 2),
(1483, 2, 1, 5, 0.9, 'Truck', '2025-10-17 13:04:40', 2),
(1484, 2, 1, 5, 0.9, 'Truck', '2025-10-17 13:04:42', 2),
(1485, 2, 1, 5, 0.9, 'Truck', '2025-10-17 13:04:43', 2),
(1486, 2, 1, 5, 0.9, 'Truck', '2025-10-17 13:04:45', 2),
(1487, 2, 1, 5, 0.9, 'Truck', '2025-10-17 13:04:47', 2),
(1488, 2, 1, 5, 0.9, 'Truck', '2025-10-17 13:04:49', 2),
(1489, 2, 1, 5, 0.9, 'Truck', '2025-10-17 13:04:51', 2),
(1490, 2, 1, 5, 0.9, 'Truck', '2025-10-17 13:04:53', 2),
(1491, 2, 1, 5, 0.9, 'Truck', '2025-10-17 13:04:54', 2),
(1492, 2, 1, 5, 0.9, 'Truck', '2025-10-17 13:04:56', 2),
(1493, 2, 1, 5, 0.9, 'Truck', '2025-10-17 13:04:58', 2),
(1494, 2, 1, 5, 0.9, 'Truck', '2025-10-17 13:05:00', 2),
(1495, 2, 1, 5, 0.9, 'Truck', '2025-10-17 13:05:02', 2),
(1496, 2, 1, 5, 0.9, 'Truck', '2025-10-17 13:05:04', 2),
(1497, 2, 1, 5, 0.9, 'Truck', '2025-10-17 13:05:06', 2),
(1498, 2, 1, 5, 0.9, 'Truck', '2025-10-17 13:05:07', 2),
(1499, 2, 1, 5, 0.9, 'Truck', '2025-10-17 13:05:09', 2),
(1500, 2, 1, 5, 0.9, 'Truck', '2025-10-17 13:05:11', 2),
(1501, 2, 1, 5, 0.9, 'Truck', '2025-10-17 13:05:13', 2),
(1502, 2, 1, 5, 0.9, 'Truck', '2025-10-17 13:05:15', 2),
(1503, 2, 1, 5, 0.9, 'Truck', '2025-10-17 13:05:17', 2),
(1504, 2, 1, 5, 0.9, 'Truck', '2025-10-17 13:05:18', 2),
(1505, 2, 1, 5, 0.9, 'Truck', '2025-10-17 13:05:20', 2),
(1506, 2, 1, 5, 0.9, 'Truck', '2025-10-17 13:05:22', 2);

-- --------------------------------------------------------

--
-- Table structure for table `vehicle_types`
--

CREATE TABLE `vehicle_types` (
  `id` int(11) NOT NULL,
  `type_name` varchar(50) NOT NULL,
  `min_height` decimal(5,2) NOT NULL,
  `max_height` decimal(5,2) NOT NULL,
  `description` text DEFAULT NULL
) ENGINE=InnoDB DEFAULT CHARSET=utf8mb4 COLLATE=utf8mb4_general_ci;

--
-- Dumping data for table `vehicle_types`
--

INSERT INTO `vehicle_types` (`id`, `type_name`, `min_height`, `max_height`, `description`) VALUES
(1, 'Motorcycle', 1.00, 1.40, 'Motorcycles, scooters'),
(2, 'Small Car', 1.40, 1.80, 'Sedans, hatchbacks, small vehicles'),
(3, 'Large Car', 1.80, 2.20, 'SUVs, vans, large cars'),
(4, 'Bus/Truck', 2.20, 4.50, 'Buses, trucks, large vehicles');

--
-- Indexes for dumped tables
--

--
-- Indexes for table `daily_summaries`
--
ALTER TABLE `daily_summaries`
  ADD PRIMARY KEY (`id`),
  ADD KEY `sensor_id` (`sensor_id`);

--
-- Indexes for table `sensors`
--
ALTER TABLE `sensors`
  ADD PRIMARY KEY (`id`);

--
-- Indexes for table `system_settings`
--
ALTER TABLE `system_settings`
  ADD PRIMARY KEY (`id`),
  ADD UNIQUE KEY `setting_key` (`setting_key`);

--
-- Indexes for table `traffic_data`
--
ALTER TABLE `traffic_data`
  ADD PRIMARY KEY (`id`);

--
-- Indexes for table `vehicle_types`
--
ALTER TABLE `vehicle_types`
  ADD PRIMARY KEY (`id`);

--
-- AUTO_INCREMENT for dumped tables
--

--
-- AUTO_INCREMENT for table `daily_summaries`
--
ALTER TABLE `daily_summaries`
  MODIFY `id` int(11) NOT NULL AUTO_INCREMENT;

--
-- AUTO_INCREMENT for table `sensors`
--
ALTER TABLE `sensors`
  MODIFY `id` int(11) NOT NULL AUTO_INCREMENT, AUTO_INCREMENT=3;

--
-- AUTO_INCREMENT for table `system_settings`
--
ALTER TABLE `system_settings`
  MODIFY `id` int(11) NOT NULL AUTO_INCREMENT, AUTO_INCREMENT=5;

--
-- AUTO_INCREMENT for table `traffic_data`
--
ALTER TABLE `traffic_data`
  MODIFY `id` int(11) NOT NULL AUTO_INCREMENT, AUTO_INCREMENT=1507;

--
-- AUTO_INCREMENT for table `vehicle_types`
--
ALTER TABLE `vehicle_types`
  MODIFY `id` int(11) NOT NULL AUTO_INCREMENT, AUTO_INCREMENT=5;

--
-- Constraints for dumped tables
--

--
-- Constraints for table `daily_summaries`
--
ALTER TABLE `daily_summaries`
  ADD CONSTRAINT `daily_summaries_ibfk_1` FOREIGN KEY (`sensor_id`) REFERENCES `sensors` (`id`);
COMMIT;

/*!40101 SET CHARACTER_SET_CLIENT=@OLD_CHARACTER_SET_CLIENT */;
/*!40101 SET CHARACTER_SET_RESULTS=@OLD_CHARACTER_SET_RESULTS */;
/*!40101 SET COLLATION_CONNECTION=@OLD_COLLATION_CONNECTION */;
